Wildcard,File,XPATH
@@CALIBDATE@@,NewCalibFile,/Simulation/Params/EffectiveDate|/Simulation/Params/effective_date
@@OLDDATE@@,OldCalibFile,/Simulation/Params/EffectiveDate|/Simulation/Params/effective_date
@@OLDHWALPHAS@@,OldCalibFile,//Model[Name='AUYieldCurve']//MeanReversionShortRate|//Model[Name='AUYieldCurve']//mean_reversion_shortRate
@@OLDHWALPHAA@@,OldCalibFile,//Model[Name='AUYieldCurve']//MeanReversionAdditionalParam|//Model[Name='AUYieldCurve']//mean_reversion_additional_param
@@OLDHWSIGMAS@@,OldCalibFile,//Model[Name='AUYieldCurve']//VolatilityShortRate|//Model[Name='AUYieldCurve']//Volatility_short_rate
@@OLDHWSIGMAA@@,OldCalibFile,//Model[Name='AUYieldCurve']//VolatilityAdditionalParam|//Model[Name='AUYieldCurve']//volatility_additional_param
@@OLDHWGAMMA@@,OldCalibFile,//Model[Name='AUYieldCurve']//MarketPriceOfRisk|//Model[Name='AUYieldCurve']//market_price_of_risk
@@NEWHWALPHAs@@,NewCalibFile,//Model[Name='AUYieldCurve']//MeanReversionShortRate|//Model[Name='AUYieldCurve']//mean_reversion_shortRate
@@NEWHWALPHAA@@,NewCalibFile,//Model[Name='AUYieldCurve']//MeanReversionAdditionalParam|//Model[Name='AUYieldCurve']//mean_reversion_additional_param
@@NEWHWSIGMAS@@,NewCalibFile,//Model[Name='AUYieldCurve']//VolatilityShortRate|//Model[Name='AUYieldCurve']//Volatility_short_rate
@@NEWHWSIGMAA@@,NewCalibFile,//Model[Name='AUYieldCurve']//VolatilityAdditionalParam|//Model[Name='AUYieldCurve']//volatility_additional_param
@@NEWHWGAMMA@@,NewCalibFile,//Model[Name='AUYieldCurve']//MarketPriceOfRisk|//Model[Name='AUYieldCurve']//market_price_of_risk
@@OLDCASH1_5@@,OutputChartFile,OldCash[1|1]
@@OLDCASH1_25@@,OutputChartFile,OldCash[2|1]
@@OLDCASH1_50@@,OutputChartFile,OldCash[3|1]
@@OLDCASH1_75@@,OutputChartFile,OldCash[4|1]
@@OLDCASH1_95@@,OutputChartFile,OldCash[5|1]
@@OLDCASH1_MU@@,OutputChartFile,OldCash[6|1]
@@OLDCASH1_VOL@@,OutputChartFile,OldCash[7|1]
@@OLDCASH5_5@@,OutputChartFile,OldCash[1|5]
@@OLDCASH5_25@@,OutputChartFile,OldCash[2|5]
@@OLDCASH5_50@@,OutputChartFile,OldCash[3|5]
@@OLDCASH5_75@@,OutputChartFile,OldCash[4|5]
@@OLDCASH5_95@@,OutputChartFile,OldCash[5|5]
@@OLDCASH5_MU@@,OutputChartFile,OldCash[6|5]
@@OLDCASH5_VOL@@,OutputChartFile,OldCash[7|5]
@@OLDCASH10_5@@,OutputChartFile,OldCash[1|10]
@@OLDCASH10_25@@,OutputChartFile,OldCash[2|10]
@@OLDCASH10_50@@,OutputChartFile,OldCash[3|10]
@@OLDCASH10_75@@,OutputChartFile,OldCash[4|10]
@@OLDCASH10_95@@,OutputChartFile,OldCash[5|10]
@@OLDCASH10_MU@@,OutputChartFile,OldCash[6|10]
@@OLDCASH10_VOL@@,OutputChartFile,OldCash[7|10]
@@OLDCASH15_5@@,OutputChartFile,OldCash[1|15]
@@OLDCASH15_25@@,OutputChartFile,OldCash[2|15]
@@OLDCASH15_50@@,OutputChartFile,OldCash[3|15]
@@OLDCASH15_75@@,OutputChartFile,OldCash[4|15]
@@OLDCASH15_95@@,OutputChartFile,OldCash[5|15]
@@OLDCASH15_MU@@,OutputChartFile,OldCash[6|15]
@@OLDCASH15_VOL@@,OutputChartFile,OldCash[7|15]
@@OLDCASH25_5@@,OutputChartFile,OldCash[1|25]
@@OLDCASH25_25@@,OutputChartFile,OldCash[2|25]
@@OLDCASH25_50@@,OutputChartFile,OldCash[3|25]
@@OLDCASH25_75@@,OutputChartFile,OldCash[4|25]
@@OLDCASH25_95@@,OutputChartFile,OldCash[5|25]
@@OLDCASH25_MU@@,OutputChartFile,OldCash[6|25]
@@OLDCASH25_VOL@@,OutputChartFile,OldCash[7|25]
@@OLDCASH30_5@@,OutputChartFile,OldCash[1|30]
@@OLDCASH30_25@@,OutputChartFile,OldCash[2|30]
@@OLDCASH30_50@@,OutputChartFile,OldCash[3|30]
@@OLDCASH30_75@@,OutputChartFile,OldCash[4|30]
@@OLDCASH30_95@@,OutputChartFile,OldCash[5|30]
@@OLDCASH30_MU@@,OutputChartFile,OldCash[6|30]
@@OLDCASH30_VOL@@,OutputChartFile,OldCash[7|30]
@@NEWCASH1_5@@,OutputChartFile,NewCash[1|1]
@@NEWCASH1_25@@,OutputChartFile,NewCash[2|1]
@@NEWCASH1_50@@,OutputChartFile,NewCash[3|1]
@@NEWCASH1_75@@,OutputChartFile,NewCash[4|1]
@@NEWCASH1_95@@,OutputChartFile,NewCash[5|1]
@@NEWCASH1_MU@@,OutputChartFile,NewCash[6|1]
@@NEWCASH1_VOL@@,OutputChartFile,NewCash[7|1]
@@NEWCASH5_5@@,OutputChartFile,NewCash[1|5]
@@NEWCASH5_25@@,OutputChartFile,NewCash[2|5]
@@NEWCASH5_50@@,OutputChartFile,NewCash[3|5]
@@NEWCASH5_75@@,OutputChartFile,NewCash[4|5]
@@NEWCASH5_95@@,OutputChartFile,NewCash[5|5]
@@NEWCASH5_MU@@,OutputChartFile,NewCash[6|5]
@@NEWCASH5_VOL@@,OutputChartFile,NewCash[7|5]
@@NEWCASH10_5@@,OutputChartFile,NewCash[1|10]
@@NEWCASH10_25@@,OutputChartFile,NewCash[2|10]
@@NEWCASH10_50@@,OutputChartFile,NewCash[3|10]
@@NEWCASH10_75@@,OutputChartFile,NewCash[4|10]
@@NEWCASH10_95@@,OutputChartFile,NewCash[5|10]
@@NEWCASH10_MU@@,OutputChartFile,NewCash[6|10]
@@NEWCASH10_VOL@@,OutputChartFile,NewCash[7|10]
@@NEWCASH15_5@@,OutputChartFile,NewCash[1|15]
@@NEWCASH15_25@@,OutputChartFile,NewCash[2|15]
@@NEWCASH15_50@@,OutputChartFile,NewCash[3|15]
@@NEWCASH15_75@@,OutputChartFile,NewCash[4|15]
@@NEWCASH15_95@@,OutputChartFile,NewCash[5|15]
@@NEWCASH15_MU@@,OutputChartFile,NewCash[6|15]
@@NEWCASH15_VOL@@,OutputChartFile,NewCash[7|15]
@@NEWCASH25_5@@,OutputChartFile,NewCash[1|25]
@@NEWCASH25_25@@,OutputChartFile,NewCash[2|25]
@@NEWCASH25_50@@,OutputChartFile,NewCash[3|25]
@@NEWCASH25_75@@,OutputChartFile,NewCash[4|25]
@@NEWCASH25_95@@,OutputChartFile,NewCash[5|25]
@@NEWCASH25_MU@@,OutputChartFile,NewCash[6|25]
@@NEWCASH25_VOL@@,OutputChartFile,NewCash[7|25]
@@NEWCASH30_5@@,OutputChartFile,NewCash[1|30]
@@NEWCASH30_25@@,OutputChartFile,NewCash[2|30]
@@NEWCASH30_50@@,OutputChartFile,NewCash[3|30]
@@NEWCASH30_75@@,OutputChartFile,NewCash[4|30]
@@NEWCASH30_95@@,OutputChartFile,NewCash[5|30]
@@NEWCASH30_MU@@,OutputChartFile,NewCash[6|30]
@@NEWCASH30_VOL@@,OutputChartFile,NewCash[7|30]
@@OLDHWCASHPERCENTILE@@,,
@@OLDHWHIST@@,,
@@NEWHWPERCENTILE@@,,
@@NEWHWHIST@@,,
@@OLDSPOT1_5@@,,
@@OLDSPOT1_25@@,,
@@OLDSPOT1_50@@,,
@@OLDSPOT1_75@@,,
@@OLDSPOT1_95@@,,
@@OLDSPOT1_MU@@,,
@@OLDSPOT1_VOL@@,,
@@OLDSPOT5_5@@,,
@@OLDSPOT5_25@@,,
@@OLDSPOT5_50@@,,
@@OLDSPOT5_75@@,,
@@OLDSPOT5_95@@,,
@@OLDSPOT5_MU@@,,
@@OLDSPOT5_VOL@@,,
@@OLDSPOT10_5@@,,
@@OLDSPOT10_25@@,,
@@OLDSPOT10_50@@,,
@@OLDSPOT10_75@@,,
@@OLDSPOT10_95@@,,
@@OLDSPOT10_MU@@,,
@@OLDSPOT10_VOL@@,,
@@OLDSPOT15_5@@,,
@@OLDSPOT15_25@@,,
@@OLDSPOT15_50@@,,
@@OLDSPOT15_75@@,,
@@OLDSPOT15_95@@,,
@@OLDSPOT15_MU@@,,
@@OLDSPOT15_VOL@@,,
@@OLDSPOT25_5@@,,
@@OLDSPOT25_25@@,,
@@OLDSPOT25_50@@,,
@@OLDSPOT25_75@@,,
@@OLDSPOT25_95@@,,
@@OLDSPOT25_MU@@,,
@@OLDSPOT25_VOL@@,,
@@OLDSPOT30_5@@,,
@@OLDSPOT30_25@@,,
@@OLDSPOT30_50@@,,
@@OLDSPOT30_75@@,,
@@OLDSPOT30_95@@,,
@@OLDSPOT30_MU@@,,
@@OLDSPOT30_VOL@@,,
@@NEWSPOT1_5@@,,
@@NEWSPOT1_25@@,,
@@NEWSPOT1_50@@,,
@@NEWSPOT1_75@@,,
@@NEWSPOT1_95@@,,
@@NEWSPOT1_MU@@,,
@@NEWSPOT1_VOL@@,,
@@NEWSPOT5_5@@,,
@@NEWSPOT5_25@@,,
@@NEWSPOT5_50@@,,
@@NEWSPOT5_75@@,,
@@NEWSPOT5_95@@,,
@@NEWSPOT5_MU@@,,
@@NEWSPOT5_VOL@@,,
@@NEWSPOT10_5@@,,
@@NEWSPOT10_25@@,,
@@NEWSPOT10_50@@,,
@@NEWSPOT10_75@@,,
@@NEWSPOT10_95@@,,
@@NEWSPOT10_MU@@,,
@@NEWSPOT10_VOL@@,,
@@NEWSPOT15_5@@,,
@@NEWSPOT15_25@@,,
@@NEWSPOT15_50@@,,
@@NEWSPOT15_75@@,,
@@NEWSPOT15_95@@,,
@@NEWSPOT15_MU@@,,
@@NEWSPOT15_VOL@@,,
@@NEWSPOT25_5@@,,
@@NEWSPOT25_25@@,,
@@NEWSPOT25_50@@,,
@@NEWSPOT25_75@@,,
@@NEWSPOT25_95@@,,
@@NEWSPOT25_MU@@,,
@@NEWSPOT25_VOL@@,,
@@NEWSPOT30_5@@,,
@@NEWSPOT30_25@@,,
@@NEWSPOT30_50@@,,
@@NEWSPOT30_75@@,,
@@NEWSPOT30_95@@,,
@@NEWSPOT30_MU@@,,
@@NEWSPOT30_VOL@@,,
@@OLDSPOT301_5@@,,
@@OLDSPOT301_25@@,,
@@OLDSPOT301_50@@,,
@@OLDSPOT301_75@@,,
@@OLDSPOT301_95@@,,
@@OLDSPOT301_MU@@,,
@@OLDSPOT301_VOL@@,,
@@OLDSPOT305_5@@,,
@@OLDSPOT305_25@@,,
@@OLDSPOT305_50@@,,
@@OLDSPOT305_75@@,,
@@OLDSPOT305_95@@,,
@@OLDSPOT305_MU@@,,
@@OLDSPOT305_VOL@@,,
@@OLDSPOT3010_5@@,,
@@OLDSPOT3010_25@@,,
@@OLDSPOT3010_50@@,,
@@OLDSPOT3010_75@@,,
@@OLDSPOT3010_95@@,,
@@OLDSPOT3010_MU@@,,
@@OLDSPOT3010_VOL@@,,
@@OLDSPOT3015_5@@,,
@@OLDSPOT3015_25@@,,
@@OLDSPOT3015_50@@,,
@@OLDSPOT3015_75@@,,
@@OLDSPOT3015_95@@,,
@@OLDSPOT3015_MU@@,,
@@OLDSPOT3015_VOL@@,,
@@OLDSPOT3025_5@@,,
@@OLDSPOT3025_25@@,,
@@OLDSPOT3025_50@@,,
@@OLDSPOT3025_75@@,,
@@OLDSPOT3025_95@@,,
@@OLDSPOT3025_MU@@,,
@@OLDSPOT3025_VOL@@,,
@@OLDSPOT3030_5@@,,
@@OLDSPOT3030_25@@,,
@@OLDSPOT3030_50@@,,
@@OLDSPOT3030_75@@,,
@@OLDSPOT3030_95@@,,
@@OLDSPOT3030_MU@@,,
@@OLDSPOT3030_VOL@@,,
@@NEWSPOT301_5@@,,
@@NEWSPOT301_25@@,,
@@NEWSPOT301_50@@,,
@@NEWSPOT301_75@@,,
@@NEWSPOT301_95@@,,
@@NEWSPOT301_MU@@,,
@@NEWSPOT301_VOL@@,,
@@NEWSPOT305_5@@,,
@@NEWSPOT305_25@@,,
@@NEWSPOT305_50@@,,
@@NEWSPOT305_75@@,,
@@NEWSPOT305_95@@,,
@@NEWSPOT305_MU@@,,
@@NEWSPOT305_VOL@@,,
@@NEWSPOT3010_5@@,,
@@NEWSPOT3010_25@@,,
@@NEWSPOT3010_50@@,,
@@NEWSPOT3010_75@@,,
@@NEWSPOT3010_95@@,,
@@NEWSPOT3010_MU@@,,
@@NEWSPOT3010_VOL@@,,
@@NEWSPOT3015_5@@,,
@@NEWSPOT3015_25@@,,
@@NEWSPOT3015_50@@,,
@@NEWSPOT3015_75@@,,
@@NEWSPOT3015_95@@,,
@@NEWSPOT3015_MU@@,,
@@NEWSPOT3015_VOL@@,,
@@NEWSPOT3025_5@@,,
@@NEWSPOT3025_25@@,,
@@NEWSPOT3025_50@@,,
@@NEWSPOT3025_75@@,,
@@NEWSPOT3025_95@@,,
@@NEWSPOT3025_MU@@,,
@@NEWSPOT3025_VOL@@,,
@@NEWSPOT3030_5@@,,
@@NEWSPOT3030_25@@,,
@@NEWSPOT3030_50@@,,
@@NEWSPOT3030_75@@,,
@@NEWSPOT3030_95@@,,
@@NEWSPOT3030_MU@@,,
@@NEWSPOT3030_VOL@@,,
@@OLDCPIR0@@,OldCalibFile,//Model[Name='CPI']//StartingInflationRate|//Model[Name='CPI']//starting_inflation_rate
@@OLDCPIALPHA@@,OldCalibFile,//Model[Name='CPI']//MeanReversionStrength|//Model[Name='CPI']//mean_reversion_strength
@@OLDCPIMU@@,OldCalibFile,//Model[Name='CPI']//MeanReversionLevel|//Model[Name='CPI']//mean_reversion_level
@@OLDCPISIGMA@@,OldCalibFile,//Model[Name='CPI']//Sigma|//Model[Name='CPI']//sigma
@@NEWCPIR0@@,NewCalibFile,//Model[Name='CPI']//StartingInflationRate|//Model[Name='CPI']//starting_inflation_rate
@@NEWCPIALPHA@@,NewCalibFile,//Model[Name='CPI']//MeanReversionStrength|//Model[Name='CPI']//mean_reversion_strength
@@NEWCPIMU@@,NewCalibFile,//Model[Name='CPI']//MeanReversionLevel|//Model[Name='CPI']//mean_reversion_level
@@NEWCPISIGMA@@,NewCalibFile,//Model[Name='CPI']//Sigma|//Model[Name='CPI']//sigma
@@OLDCPI1_5@@,,
@@OLDCPI1_25@@,,
@@OLDCPI1_50@@,,
@@OLDCPI1_75@@,,
@@OLDCPI1_95@@,,
@@OLDCPI1_MU@@,,
@@OLDCPI1_VOL@@,,
@@OLDCPI5_5@@,,
@@OLDCPI5_25@@,,
@@OLDCPI5_50@@,,
@@OLDCPI5_75@@,,
@@OLDCPI5_95@@,,
@@OLDCPI5_MU@@,,
@@OLDCPI5_VOL@@,,
@@OLDCPI10_5@@,,
@@OLDCPI10_25@@,,
@@OLDCPI10_50@@,,
@@OLDCPI10_75@@,,
@@OLDCPI10_95@@,,
@@OLDCPI10_MU@@,,
@@OLDCPI10_VOL@@,,
@@OLDCPI15_5@@,,
@@OLDCPI15_25@@,,
@@OLDCPI15_50@@,,
@@OLDCPI15_75@@,,
@@OLDCPI15_95@@,,
@@OLDCPI15_MU@@,,
@@OLDCPI15_VOL@@,,
@@OLDCPI25_5@@,,
@@OLDCPI25_25@@,,
@@OLDCPI25_50@@,,
@@OLDCPI25_75@@,,
@@OLDCPI25_95@@,,
@@OLDCPI25_MU@@,,
@@OLDCPI25_VOL@@,,
@@OLDCPI30_5@@,,
@@OLDCPI30_25@@,,
@@OLDCPI30_50@@,,
@@OLDCPI30_75@@,,
@@OLDCPI30_95@@,,
@@OLDCPI30_MU@@,,
@@OLDCPI30_VOL@@,,
@@NEWCPI1_5@@,,
@@NEWCPI1_25@@,,
@@NEWCPI1_50@@,,
@@NEWCPI1_75@@,,
@@NEWCPI1_95@@,,
@@NEWCPI1_MU@@,,
@@NEWCPI1_VOL@@,,
@@NEWCPI5_5@@,,
@@NEWCPI5_25@@,,
@@NEWCPI5_50@@,,
@@NEWCPI5_75@@,,
@@NEWCPI5_95@@,,
@@NEWCPI5_MU@@,,
@@NEWCPI5_VOL@@,,
@@NEWCPI10_5@@,,
@@NEWCPI10_25@@,,
@@NEWCPI10_50@@,,
@@NEWCPI10_75@@,,
@@NEWCPI10_95@@,,
@@NEWCPI10_MU@@,,
@@NEWCPI10_VOL@@,,
@@NEWCPI15_5@@,,
@@NEWCPI15_25@@,,
@@NEWCPI15_50@@,,
@@NEWCPI15_75@@,,
@@NEWCPI15_95@@,,
@@NEWCPI15_MU@@,,
@@NEWCPI15_VOL@@,,
@@NEWCPI25_5@@,,
@@NEWCPI25_25@@,,
@@NEWCPI25_50@@,,
@@NEWCPI25_75@@,,
@@NEWCPI25_95@@,,
@@NEWCPI25_MU@@,,
@@NEWCPI25_VOL@@,,
@@NEWCPI30_5@@,,
@@NEWCPI30_25@@,,
@@NEWCPI30_50@@,,
@@NEWCPI30_75@@,,
@@NEWCPI30_95@@,,
@@NEWCPI30_MU@@,,
@@NEWCPI30_VOL@@,,
@@OLDCPIPERCENTILE@@,,
@@OLDCPIHIST@@,,
@@NEWCPIPERCENTILE@@,,
@@NEWCPIHIST@@,,
@@OLDAWER0@@,OldCalibFile,//Model[Name='AWE']//StartingInflationRate|//Model[Name='AWE']//starting_inflation_rate
@@OLDAWEALPHA@@,OldCalibFile,//Model[Name='AWE']//MeanReversionStrength|//Model[Name='AWE']//mean_reversion_strength
@@OLDAWEMU@@,OldCalibFile,//Model[Name='AWE']//MeanReversionLevel|//Model[Name='AWE']//mean_reversion_level
@@OLDAWESIGMA@@,OldCalibFile,//Model[Name='AWE']//Sigma|//Model[Name='AWE']//sigma
@@NEWAWER0@@,NewCalibFile,//Model[Name='AWE']//StartingInflationRate|//Model[Name='AWE']//starting_inflation_rate
@@NEWAWEALPHA@@,NewCalibFile,//Model[Name='AWE']//MeanReversionStrength|//Model[Name='AWE']//mean_reversion_strength
@@NEWAWEMU@@,NewCalibFile,//Model[Name='AWE']//MeanReversionLevel|//Model[Name='AWE']//mean_reversion_level
@@NEWAWESIGMA@@,NewCalibFile,//Model[Name='AWE']//Sigma|//Model[Name='AWE']//sigma
@@OLDAWE1_5@@,,
@@OLDAWE1_25@@,,
@@OLDAWE1_50@@,,
@@OLDAWE1_75@@,,
@@OLDAWE1_95@@,,
@@OLDAWE1_MU@@,,
@@OLDAWE1_VOL@@,,
@@OLDAWE5_5@@,,
@@OLDAWE5_25@@,,
@@OLDAWE5_50@@,,
@@OLDAWE5_75@@,,
@@OLDAWE5_95@@,,
@@OLDAWE5_MU@@,,
@@OLDAWE5_VOL@@,,
@@OLDAWE10_5@@,,
@@OLDAWE10_25@@,,
@@OLDAWE10_50@@,,
@@OLDAWE10_75@@,,
@@OLDAWE10_95@@,,
@@OLDAWE10_MU@@,,
@@OLDAWE10_VOL@@,,
@@OLDAWE15_5@@,,
@@OLDAWE15_25@@,,
@@OLDAWE15_50@@,,
@@OLDAWE15_75@@,,
@@OLDAWE15_95@@,,
@@OLDAWE15_MU@@,,
@@OLDAWE15_VOL@@,,
@@OLDAWE25_5@@,,
@@OLDAWE25_25@@,,
@@OLDAWE25_50@@,,
@@OLDAWE25_75@@,,
@@OLDAWE25_95@@,,
@@OLDAWE25_MU@@,,
@@OLDAWE25_VOL@@,,
@@OLDAWE30_5@@,,
@@OLDAWE30_25@@,,
@@OLDAWE30_50@@,,
@@OLDAWE30_75@@,,
@@OLDAWE30_95@@,,
@@OLDAWE30_MU@@,,
@@OLDAWE30_VOL@@,,
@@NEWAWE1_5@@,,
@@NEWAWE1_25@@,,
@@NEWAWE1_50@@,,
@@NEWAWE1_75@@,,
@@NEWAWE1_95@@,,
@@NEWAWE1_MU@@,,
@@NEWAWE1_VOL@@,,
@@NEWAWE5_5@@,,
@@NEWAWE5_25@@,,
@@NEWAWE5_50@@,,
@@NEWAWE5_75@@,,
@@NEWAWE5_95@@,,
@@NEWAWE5_MU@@,,
@@NEWAWE5_VOL@@,,
@@NEWAWE10_5@@,,
@@NEWAWE10_25@@,,
@@NEWAWE10_50@@,,
@@NEWAWE10_75@@,,
@@NEWAWE10_95@@,,
@@NEWAWE10_MU@@,,
@@NEWAWE10_VOL@@,,
@@NEWAWE15_5@@,,
@@NEWAWE15_25@@,,
@@NEWAWE15_50@@,,
@@NEWAWE15_75@@,,
@@NEWAWE15_95@@,,
@@NEWAWE15_MU@@,,
@@NEWAWE15_VOL@@,,
@@NEWAWE25_5@@,,
@@NEWAWE25_25@@,,
@@NEWAWE25_50@@,,
@@NEWAWE25_75@@,,
@@NEWAWE25_95@@,,
@@NEWAWE25_MU@@,,
@@NEWAWE25_VOL@@,,
@@NEWAWE30_5@@,,
@@NEWAWE30_25@@,,
@@NEWAWE30_50@@,,
@@NEWAWE30_75@@,,
@@NEWAWE30_95@@,,
@@NEWAWE30_MU@@,,
@@NEWAWE30_VOL@@,,
@@OLDAWEPERCENTILE@@,,
@@OLDAWEHIST@@,,
@@NEWAWEPERCENTILE@@,,
@@NEWAWEHIST@@,,
@@OLDAUEQP12@@,OldCalibFile,//Model[ModelID=//Model[Name='Australian Equities']//volatility_model_id|//Model[Name='Australian Equities']//VolatilityModelId]//probability_state2_state1|//Model[ModelID=//Model[Name='Australian Equities']//volatility_model_id|//Model[Name='Australian Equities']//VolatilityModelId]//ProbabilityState2State1
@@OLDAUEQP21@@,OldCalibFile,//Model[ModelID=//Model[Name='Australian Equities']//volatility_model_id|//Model[Name='Australian Equities']//VolatilityModelId]//probability_state2_state1|//Model[ModelID=//Model[Name='Australian Equities']//volatility_model_id|//Model[Name='Australian Equities']//VolatilityModelId]//ProbabilityState2State1
@@OLDAUEQMU1@@,OldCalibFile,//Model[ModelID=//Model[Name='Australian Equities']//volatility_model_id|//Model[Name='Australian Equities']//VolatilityModelId]//mean_return_state1|//Model[ModelID=//Model[Name='Australian Equities']//volatility_model_id|//Model[Name='Australian Equities']//VolatilityModelId]//MeanReturnState1
@@OLDAUEQSIGMA1@@,OldCalibFile,//Model[ModelID=//Model[Name='Australian Equities']//volatility_model_id|//Model[Name='Australian Equities']//VolatilityModelId]//volatility_state1|//Model[ModelID=//Model[Name='Australian Equities']//volatility_model_id|//Model[Name='Australian Equities']//VolatilityModelId]//VolatilityState1
@@OLDAUEQMU2@@,OldCalibFile,//Model[ModelID=//Model[Name='Australian Equities']//volatility_model_id|//Model[Name='Australian Equities']//VolatilityModelId]//mean_return_state2|//Model[ModelID=//Model[Name='Australian Equities']//volatility_model_id|//Model[Name='Australian Equities']//VolatilityModelId]//MeanReturnState2
@@OLDAUEQSIGMA2@@,OldCalibFile,//Model[ModelID=//Model[Name='Australian Equities']//volatility_model_id|//Model[Name='Australian Equities']//VolatilityModelId]//probability_state1_state2|//Model[ModelID=//Model[Name='Australian Equities']//volatility_model_id|//Model[Name='Australian Equities']//VolatilityModelId]//ProbabilityState1State2
@@NEWAUEQP12@@,NewCalibFile,//Model[ModelID=//Model[Name='Australian Equities']//volatility_model_id|//Model[Name='Australian Equities']//VolatilityModelId]//probability_state2_state1|//Model[ModelID=//Model[Name='Australian Equities']//volatility_model_id|//Model[Name='Australian Equities']//VolatilityModelId]//ProbabilityState2State1
@@NEWAUEQP21@@,NewCalibFile,//Model[ModelID=//Model[Name='Australian Equities']//volatility_model_id|//Model[Name='Australian Equities']//VolatilityModelId]//probability_state2_state1|//Model[ModelID=//Model[Name='Australian Equities']//volatility_model_id|//Model[Name='Australian Equities']//VolatilityModelId]//ProbabilityState2State1
@@NEWAUEQMU1@@,NewCalibFile,//Model[ModelID=//Model[Name='Australian Equities']//volatility_model_id|//Model[Name='Australian Equities']//VolatilityModelId]//mean_return_state1|//Model[ModelID=//Model[Name='Australian Equities']//volatility_model_id|//Model[Name='Australian Equities']//VolatilityModelId]//MeanReturnState1
@@NEWAUEQSIGMA1@@,NewCalibFile,//Model[ModelID=//Model[Name='Australian Equities']//volatility_model_id|//Model[Name='Australian Equities']//VolatilityModelId]//volatility_state1|//Model[ModelID=//Model[Name='Australian Equities']//volatility_model_id|//Model[Name='Australian Equities']//VolatilityModelId]//VolatilityState1
@@NEWAUEQMU2@@,NewCalibFile,//Model[ModelID=//Model[Name='Australian Equities']//volatility_model_id|//Model[Name='Australian Equities']//VolatilityModelId]//mean_return_state2|//Model[ModelID=//Model[Name='Australian Equities']//volatility_model_id|//Model[Name='Australian Equities']//VolatilityModelId]//MeanReturnState2
@@NEWAUEQSIGMA2@@,NewCalibFile,//Model[ModelID=//Model[Name='Australian Equities']//volatility_model_id|//Model[Name='Australian Equities']//VolatilityModelId]//probability_state1_state2|//Model[ModelID=//Model[Name='Australian Equities']//volatility_model_id|//Model[Name='Australian Equities']//VolatilityModelId]//ProbabilityState1State2
@@OLDAUEQY0@@,OldCalibFile,
@@OLDAUEQYMU@@,OldCalibFile,
@@OLDAUEQYALPHA@@,OldCalibFile,
@@OLDAUEQYSIGMA@@,OldCalibFile,
@@NEWAUEQY0@@,NewCalibFile,
@@NEWAUEQYMU@@,NewCalibFile,
@@NEWAUEQYALPHA@@,NewCalibFile,
@@NEWAUEQYSIGMA@@,NewCalibFile,
@@OLDAUEQ1_5@@,,
@@OLDAUEQ1_25@@,,
@@OLDAUEQ1_50@@,,
@@OLDAUEQ1_75@@,,
@@OLDAUEQ1_95@@,,
@@OLDAUEQ1_MU@@,,
@@OLDAUEQ1_VOL@@,,
@@OLDAUEQ5_5@@,,
@@OLDAUEQ5_25@@,,
@@OLDAUEQ5_50@@,,
@@OLDAUEQ5_75@@,,
@@OLDAUEQ5_95@@,,
@@OLDAUEQ5_MU@@,,
@@OLDAUEQ5_VOL@@,,
@@OLDAUEQ10_5@@,,
@@OLDAUEQ10_25@@,,
@@OLDAUEQ10_50@@,,
@@OLDAUEQ10_75@@,,
@@OLDAUEQ10_95@@,,
@@OLDAUEQ10_MU@@,,
@@OLDAUEQ10_VOL@@,,
@@OLDAUEQ15_5@@,,
@@OLDAUEQ15_25@@,,
@@OLDAUEQ15_50@@,,
@@OLDAUEQ15_75@@,,
@@OLDAUEQ15_95@@,,
@@OLDAUEQ15_MU@@,,
@@OLDAUEQ15_VOL@@,,
@@OLDAUEQ25_5@@,,
@@OLDAUEQ25_25@@,,
@@OLDAUEQ25_50@@,,
@@OLDAUEQ25_75@@,,
@@OLDAUEQ25_95@@,,
@@OLDAUEQ25_MU@@,,
@@OLDAUEQ25_VOL@@,,
@@OLDAUEQ30_5@@,,
@@OLDAUEQ30_25@@,,
@@OLDAUEQ30_50@@,,
@@OLDAUEQ30_75@@,,
@@OLDAUEQ30_95@@,,
@@OLDAUEQ30_MU@@,,
@@OLDAUEQ30_VOL@@,,
@@NEWAUEQ1_5@@,,
@@NEWAUEQ1_25@@,,
@@NEWAUEQ1_50@@,,
@@NEWAUEQ1_75@@,,
@@NEWAUEQ1_95@@,,
@@NEWAUEQ1_MU@@,,
@@NEWAUEQ1_VOL@@,,
@@NEWAUEQ5_5@@,,
@@NEWAUEQ5_25@@,,
@@NEWAUEQ5_50@@,,
@@NEWAUEQ5_75@@,,
@@NEWAUEQ5_95@@,,
@@NEWAUEQ5_MU@@,,
@@NEWAUEQ5_VOL@@,,
@@NEWAUEQ10_5@@,,
@@NEWAUEQ10_25@@,,
@@NEWAUEQ10_50@@,,
@@NEWAUEQ10_75@@,,
@@NEWAUEQ10_95@@,,
@@NEWAUEQ10_MU@@,,
@@NEWAUEQ10_VOL@@,,
@@NEWAUEQ15_5@@,,
@@NEWAUEQ15_25@@,,
@@NEWAUEQ15_50@@,,
@@NEWAUEQ15_75@@,,
@@NEWAUEQ15_95@@,,
@@NEWAUEQ15_MU@@,,
@@NEWAUEQ15_VOL@@,,
@@NEWAUEQ25_5@@,,
@@NEWAUEQ25_25@@,,
@@NEWAUEQ25_50@@,,
@@NEWAUEQ25_75@@,,
@@NEWAUEQ25_95@@,,
@@NEWAUEQ25_MU@@,,
@@NEWAUEQ25_VOL@@,,
@@NEWAUEQ30_5@@,,
@@NEWAUEQ30_25@@,,
@@NEWAUEQ30_50@@,,
@@NEWAUEQ30_75@@,,
@@NEWAUEQ30_95@@,,
@@NEWAUEQ30_MU@@,,
@@NEWAUEQ30_VOL@@,,
@@OLDAUEQPERCENTILE@@,,
@@OLDAUEQHIST@@,,
@@NEWAUEQPERCENTILE@@,,
@@NEWAUEQHIST@@,,
@@OLDINTEQP12@@,OldCalibFile,//Model[ModelID=//Model[Name='International Large Cap EquitiesHedge']//volatility_model_id|//Model[Name='International Large Cap EquitiesHedge']//VolatilityModelId]//probability_state2_state1|//Model[ModelID=//Model[Name='International Large Cap EquitiesHedge']//volatility_model_id|//Model[Name='International Large Cap EquitiesHedge']//VolatilityModelId]//ProbabilityState2State1
@@OLDINTEQP21@@,OldCalibFile,//Model[ModelID=//Model[Name='International Large Cap EquitiesHedge']//volatility_model_id|//Model[Name='International Large Cap EquitiesHedge']//VolatilityModelId]//probability_state2_state1|//Model[ModelID=//Model[Name='International Large Cap EquitiesHedge']//volatility_model_id|//Model[Name='International Large Cap EquitiesHedge']//VolatilityModelId]//ProbabilityState2State1
@@OLDINTEQMU1@@,OldCalibFile,//Model[ModelID=//Model[Name='International Large Cap EquitiesHedge']//volatility_model_id|//Model[Name='International Large Cap EquitiesHedge']//VolatilityModelId]//mean_return_state1|//Model[ModelID=//Model[Name='International Large Cap EquitiesHedge']//volatility_model_id|//Model[Name='International Large Cap EquitiesHedge']//VolatilityModelId]//MeanReturnState1
@@OLDINTEQSIGMA1@@,OldCalibFile,//Model[ModelID=//Model[Name='International Large Cap EquitiesHedge']//volatility_model_id|//Model[Name='International Large Cap EquitiesHedge']//VolatilityModelId]//volatility_state1|//Model[ModelID=//Model[Name='International Large Cap EquitiesHedge']//volatility_model_id|//Model[Name='International Large Cap EquitiesHedge']//VolatilityModelId]//VolatilityState1
@@OLDINTEQMU2@@,OldCalibFile,//Model[ModelID=//Model[Name='International Large Cap EquitiesHedge']//volatility_model_id|//Model[Name='International Large Cap EquitiesHedge']//VolatilityModelId]//mean_return_state2|//Model[ModelID=//Model[Name='International Large Cap EquitiesHedge']//volatility_model_id|//Model[Name='International Large Cap EquitiesHedge']//VolatilityModelId]//MeanReturnState2
@@OLDINTEQSIGMA2@@,OldCalibFile,//Model[ModelID=//Model[Name='International Large Cap EquitiesHedge']//volatility_model_id|//Model[Name='International Large Cap EquitiesHedge']//VolatilityModelId]//probability_state1_state2|//Model[ModelID=//Model[Name='International Large Cap EquitiesHedge']//volatility_model_id|//Model[Name='International Large Cap EquitiesHedge']//VolatilityModelId]//ProbabilityState1State2
@@NEWINTEQP12@@,NewCalibFile,//Model[ModelID=//Model[Name='International Large Cap EquitiesHedge']//volatility_model_id|//Model[Name='International Large Cap EquitiesHedge']//VolatilityModelId]//probability_state2_state1|//Model[ModelID=//Model[Name='International Large Cap EquitiesHedge']//volatility_model_id|//Model[Name='International Large Cap EquitiesHedge']//VolatilityModelId]//ProbabilityState2State1
@@NEWINTEQP21@@,NewCalibFile,//Model[ModelID=//Model[Name='International Large Cap EquitiesHedge']//volatility_model_id|//Model[Name='International Large Cap EquitiesHedge']//VolatilityModelId]//probability_state2_state1|//Model[ModelID=//Model[Name='International Large Cap EquitiesHedge']//volatility_model_id|//Model[Name='International Large Cap EquitiesHedge']//VolatilityModelId]//ProbabilityState2State1
@@NEWINTEQMU1@@,NewCalibFile,//Model[ModelID=//Model[Name='International Large Cap EquitiesHedge']//volatility_model_id|//Model[Name='International Large Cap EquitiesHedge']//VolatilityModelId]//mean_return_state1|//Model[ModelID=//Model[Name='International Large Cap EquitiesHedge']//volatility_model_id|//Model[Name='International Large Cap EquitiesHedge']//VolatilityModelId]//MeanReturnState1
@@NEWINTEQSIGMA1@@,NewCalibFile,//Model[ModelID=//Model[Name='International Large Cap EquitiesHedge']//volatility_model_id|//Model[Name='International Large Cap EquitiesHedge']//VolatilityModelId]//volatility_state1|//Model[ModelID=//Model[Name='International Large Cap EquitiesHedge']//volatility_model_id|//Model[Name='International Large Cap EquitiesHedge']//VolatilityModelId]//VolatilityState1
@@NEWINTEQMU2@@,NewCalibFile,//Model[ModelID=//Model[Name='International Large Cap EquitiesHedge']//volatility_model_id|//Model[Name='International Large Cap EquitiesHedge']//VolatilityModelId]//mean_return_state2|//Model[ModelID=//Model[Name='International Large Cap EquitiesHedge']//volatility_model_id|//Model[Name='International Large Cap EquitiesHedge']//VolatilityModelId]//MeanReturnState2
@@NEWINTEQSIGMA2@@,NewCalibFile,//Model[ModelID=//Model[Name='International Large Cap EquitiesHedge']//volatility_model_id|//Model[Name='International Large Cap EquitiesHedge']//VolatilityModelId]//probability_state1_state2|//Model[ModelID=//Model[Name='International Large Cap EquitiesHedge']//volatility_model_id|//Model[Name='International Large Cap EquitiesHedge']//VolatilityModelId]//ProbabilityState1State2
@@OLDINTEQY0@@,OldCalibFile,
@@OLDINTEQYMU@@,OldCalibFile,
@@OLDINTEQYALPHA@@,OldCalibFile,
@@OLDINTEQYSIGMA@@,OldCalibFile,
@@NEWINTEQY0@@,NewCalibFile,
@@NEWINTEQYMU@@,NewCalibFile,
@@NEWINTEQYALPHA@@,NewCalibFile,
@@NEWINTEQYSIGMA@@,NewCalibFile,
@@OLDINTEQ1_5@@,,
@@OLDINTEQ1_25@@,,
@@OLDINTEQ1_50@@,,
@@OLDINTEQ1_75@@,,
@@OLDINTEQ1_95@@,,
@@OLDINTEQ1_MU@@,,
@@OLDINTEQ1_VOL@@,,
@@OLDINTEQ5_5@@,,
@@OLDINTEQ5_25@@,,
@@OLDINTEQ5_50@@,,
@@OLDINTEQ5_75@@,,
@@OLDINTEQ5_95@@,,
@@OLDINTEQ5_MU@@,,
@@OLDINTEQ5_VOL@@,,
@@OLDINTEQ10_5@@,,
@@OLDINTEQ10_25@@,,
@@OLDINTEQ10_50@@,,
@@OLDINTEQ10_75@@,,
@@OLDINTEQ10_95@@,,
@@OLDINTEQ10_MU@@,,
@@OLDINTEQ10_VOL@@,,
@@OLDINTEQ15_5@@,,
@@OLDINTEQ15_25@@,,
@@OLDINTEQ15_50@@,,
@@OLDINTEQ15_75@@,,
@@OLDINTEQ15_95@@,,
@@OLDINTEQ15_MU@@,,
@@OLDINTEQ15_VOL@@,,
@@OLDINTEQ25_5@@,,
@@OLDINTEQ25_25@@,,
@@OLDINTEQ25_50@@,,
@@OLDINTEQ25_75@@,,
@@OLDINTEQ25_95@@,,
@@OLDINTEQ25_MU@@,,
@@OLDINTEQ25_VOL@@,,
@@OLDINTEQ30_5@@,,
@@OLDINTEQ30_25@@,,
@@OLDINTEQ30_50@@,,
@@OLDINTEQ30_75@@,,
@@OLDINTEQ30_95@@,,
@@OLDINTEQ30_MU@@,,
@@OLDINTEQ30_VOL@@,,
@@NEWINTEQ1_5@@,,
@@NEWINTEQ1_25@@,,
@@NEWINTEQ1_50@@,,
@@NEWINTEQ1_75@@,,
@@NEWINTEQ1_95@@,,
@@NEWINTEQ1_MU@@,,
@@NEWINTEQ1_VOL@@,,
@@NEWINTEQ5_5@@,,
@@NEWINTEQ5_25@@,,
@@NEWINTEQ5_50@@,,
@@NEWINTEQ5_75@@,,
@@NEWINTEQ5_95@@,,
@@NEWINTEQ5_MU@@,,
@@NEWINTEQ5_VOL@@,,
@@NEWINTEQ10_5@@,,
@@NEWINTEQ10_25@@,,
@@NEWINTEQ10_50@@,,
@@NEWINTEQ10_75@@,,
@@NEWINTEQ10_95@@,,
@@NEWINTEQ10_MU@@,,
@@NEWINTEQ10_VOL@@,,
@@NEWINTEQ15_5@@,,
@@NEWINTEQ15_25@@,,
@@NEWINTEQ15_50@@,,
@@NEWINTEQ15_75@@,,
@@NEWINTEQ15_95@@,,
@@NEWINTEQ15_MU@@,,
@@NEWINTEQ15_VOL@@,,
@@NEWINTEQ25_5@@,,
@@NEWINTEQ25_25@@,,
@@NEWINTEQ25_50@@,,
@@NEWINTEQ25_75@@,,
@@NEWINTEQ25_95@@,,
@@NEWINTEQ25_MU@@,,
@@NEWINTEQ25_VOL@@,,
@@NEWINTEQ30_5@@,,
@@NEWINTEQ30_25@@,,
@@NEWINTEQ30_50@@,,
@@NEWINTEQ30_75@@,,
@@NEWINTEQ30_95@@,,
@@NEWINTEQ30_MU@@,,
@@NEWINTEQ30_VOL@@,,
@@OLDINTEQPERCENTILE@@,,
@@OLDINTEQUNHIST@@,,
@@NEWINTEQPERCENTILE@@,,
@@NEWINTEQUNHIST@@,,
@@OLDINTEQUNHP12@@,OldCalibFile,//Model[ModelID=//Model[Name='International Large Cap EquitiesUnhedge']//volatility_model_id|//Model[Name='International Large Cap EquitiesUnhedge']//VolatilityModelId]//probability_state2_state1|//Model[ModelID=//Model[Name='International Large Cap EquitiesUnhedge']//volatility_model_id|//Model[Name='International Large Cap EquitiesUnhedge']//VolatilityModelId]//ProbabilityState2State1
@@OLDINTEQUNHP21@@,OldCalibFile,//Model[ModelID=//Model[Name='International Large Cap EquitiesUnhedge']//volatility_model_id|//Model[Name='International Large Cap EquitiesUnhedge']//VolatilityModelId]//probability_state2_state1|//Model[ModelID=//Model[Name='International Large Cap EquitiesUnhedge']//volatility_model_id|//Model[Name='International Large Cap EquitiesUnhedge']//VolatilityModelId]//ProbabilityState2State1
@@OLDINTEQUNHMU1@@,OldCalibFile,//Model[ModelID=//Model[Name='International Large Cap EquitiesUnhedge']//volatility_model_id|//Model[Name='International Large Cap EquitiesUnhedge']//VolatilityModelId]//mean_return_state1|//Model[ModelID=//Model[Name='International Large Cap EquitiesUnhedge']//volatility_model_id|//Model[Name='International Large Cap EquitiesUnhedge']//VolatilityModelId]//MeanReturnState1
@@OLDINTEQUNHSIGMA1@@,OldCalibFile,//Model[ModelID=//Model[Name='International Large Cap EquitiesUnhedge']//volatility_model_id|//Model[Name='International Large Cap EquitiesUnhedge']//VolatilityModelId]//volatility_state1|//Model[ModelID=//Model[Name='International Large Cap EquitiesUnhedge']//volatility_model_id|//Model[Name='International Large Cap EquitiesUnhedge']//VolatilityModelId]//VolatilityState1
@@OLDINTEQUNHMU2@@,OldCalibFile,//Model[ModelID=//Model[Name='International Large Cap EquitiesUnhedge']//volatility_model_id|//Model[Name='International Large Cap EquitiesUnhedge']//VolatilityModelId]//mean_return_state2|//Model[ModelID=//Model[Name='International Large Cap EquitiesUnhedge']//volatility_model_id|//Model[Name='International Large Cap EquitiesUnhedge']//VolatilityModelId]//MeanReturnState2
@@OLDINTEQUNHSIGMA2@@,OldCalibFile,//Model[ModelID=//Model[Name='International Large Cap EquitiesUnhedge']//volatility_model_id|//Model[Name='International Large Cap EquitiesUnhedge']//VolatilityModelId]//probability_state1_state2|//Model[ModelID=//Model[Name='International Large Cap EquitiesUnhedge']//volatility_model_id|//Model[Name='International Large Cap EquitiesUnhedge']//VolatilityModelId]//ProbabilityState1State2
@@NEWINTEQUNHP12@@,NewCalibFile,//Model[ModelID=//Model[Name='International Large Cap EquitiesUnhedge']//volatility_model_id|//Model[Name='International Large Cap EquitiesUnhedge']//VolatilityModelId]//probability_state2_state1|//Model[ModelID=//Model[Name='International Large Cap EquitiesUnhedge']//volatility_model_id|//Model[Name='International Large Cap EquitiesUnhedge']//VolatilityModelId]//ProbabilityState2State1
@@NEWINTEQUNHP21@@,NewCalibFile,//Model[ModelID=//Model[Name='International Large Cap EquitiesUnhedge']//volatility_model_id|//Model[Name='International Large Cap EquitiesUnhedge']//VolatilityModelId]//probability_state2_state1|//Model[ModelID=//Model[Name='International Large Cap EquitiesUnhedge']//volatility_model_id|//Model[Name='International Large Cap EquitiesUnhedge']//VolatilityModelId]//ProbabilityState2State1
@@NEWINTEQUNHMU1@@,NewCalibFile,//Model[ModelID=//Model[Name='International Large Cap EquitiesUnhedge']//volatility_model_id|//Model[Name='International Large Cap EquitiesUnhedge']//VolatilityModelId]//mean_return_state1|//Model[ModelID=//Model[Name='International Large Cap EquitiesUnhedge']//volatility_model_id|//Model[Name='International Large Cap EquitiesUnhedge']//VolatilityModelId]//MeanReturnState1
@@NEWINTEQUNHSIGMA1@@,NewCalibFile,//Model[ModelID=//Model[Name='International Large Cap EquitiesUnhedge']//volatility_model_id|//Model[Name='International Large Cap EquitiesUnhedge']//VolatilityModelId]//volatility_state1|//Model[ModelID=//Model[Name='International Large Cap EquitiesUnhedge']//volatility_model_id|//Model[Name='International Large Cap EquitiesUnhedge']//VolatilityModelId]//VolatilityState1
@@NEWINTEQUNHMU2@@,NewCalibFile,//Model[ModelID=//Model[Name='International Large Cap EquitiesUnhedge']//volatility_model_id|//Model[Name='International Large Cap EquitiesUnhedge']//VolatilityModelId]//mean_return_state2|//Model[ModelID=//Model[Name='International Large Cap EquitiesUnhedge']//volatility_model_id|//Model[Name='International Large Cap EquitiesUnhedge']//VolatilityModelId]//MeanReturnState2
@@NEWINTEQUNHSIGMA2@@,NewCalibFile,//Model[ModelID=//Model[Name='International Large Cap EquitiesUnhedge']//volatility_model_id|//Model[Name='International Large Cap EquitiesUnhedge']//VolatilityModelId]//probability_state1_state2|//Model[ModelID=//Model[Name='International Large Cap EquitiesUnhedge']//volatility_model_id|//Model[Name='International Large Cap EquitiesUnhedge']//VolatilityModelId]//ProbabilityState1State2
@@OLDINTEQUNHY0@@,OldCalibFile,
@@OLDINTEQUNHYMU@@,OldCalibFile,
@@OLDINTEQUNHYALPHA@@,OldCalibFile,
@@OLDINTEQUNHYSIGMA@@,OldCalibFile,
@@NEWINTEQUNHY0@@,NewCalibFile,
@@NEWINTEQUNHYMU@@,NewCalibFile,
@@NEWINTEQUNHYALPHA@@,NewCalibFile,
@@NEWINTEQUNHYSIGMA@@,NewCalibFile,
@@OLDINTEQUNH1_5@@,,
@@OLDINTEQUNH1_25@@,,
@@OLDINTEQUNH1_50@@,,
@@OLDINTEQUNH1_75@@,,
@@OLDINTEQUNH1_95@@,,
@@OLDINTEQUNH1_MU@@,,
@@OLDINTEQUNH1_VOL@@,,
@@OLDINTEQUNH5_5@@,,
@@OLDINTEQUNH5_25@@,,
@@OLDINTEQUNH5_50@@,,
@@OLDINTEQUNH5_75@@,,
@@OLDINTEQUNH5_95@@,,
@@OLDINTEQUNH5_MU@@,,
@@OLDINTEQUNH5_VOL@@,,
@@OLDINTEQUNH10_5@@,,
@@OLDINTEQUNH10_25@@,,
@@OLDINTEQUNH10_50@@,,
@@OLDINTEQUNH10_75@@,,
@@OLDINTEQUNH10_95@@,,
@@OLDINTEQUNH10_MU@@,,
@@OLDINTEQUNH10_VOL@@,,
@@OLDINTEQUNH15_5@@,,
@@OLDINTEQUNH15_25@@,,
@@OLDINTEQUNH15_50@@,,
@@OLDINTEQUNH15_75@@,,
@@OLDINTEQUNH15_95@@,,
@@OLDINTEQUNH15_MU@@,,
@@OLDINTEQUNH15_VOL@@,,
@@OLDINTEQUNH25_5@@,,
@@OLDINTEQUNH25_25@@,,
@@OLDINTEQUNH25_50@@,,
@@OLDINTEQUNH25_75@@,,
@@OLDINTEQUNH25_95@@,,
@@OLDINTEQUNH25_MU@@,,
@@OLDINTEQUNH25_VOL@@,,
@@OLDINTEQUNH30_5@@,,
@@OLDINTEQUNH30_25@@,,
@@OLDINTEQUNH30_50@@,,
@@OLDINTEQUNH30_75@@,,
@@OLDINTEQUNH30_95@@,,
@@OLDINTEQUNH30_MU@@,,
@@OLDINTEQUNH30_VOL@@,,
@@NEWINTEQUNH1_5@@,,
@@NEWINTEQUNH1_25@@,,
@@NEWINTEQUNH1_50@@,,
@@NEWINTEQUNH1_75@@,,
@@NEWINTEQUNH1_95@@,,
@@NEWINTEQUNH1_MU@@,,
@@NEWINTEQUNH1_VOL@@,,
@@NEWINTEQUNH5_5@@,,
@@NEWINTEQUNH5_25@@,,
@@NEWINTEQUNH5_50@@,,
@@NEWINTEQUNH5_75@@,,
@@NEWINTEQUNH5_95@@,,
@@NEWINTEQUNH5_MU@@,,
@@NEWINTEQUNH5_VOL@@,,
@@NEWINTEQUNH10_5@@,,
@@NEWINTEQUNH10_25@@,,
@@NEWINTEQUNH10_50@@,,
@@NEWINTEQUNH10_75@@,,
@@NEWINTEQUNH10_95@@,,
@@NEWINTEQUNH10_MU@@,,
@@NEWINTEQUNH10_VOL@@,,
@@NEWINTEQUNH15_5@@,,
@@NEWINTEQUNH15_25@@,,
@@NEWINTEQUNH15_50@@,,
@@NEWINTEQUNH15_75@@,,
@@NEWINTEQUNH15_95@@,,
@@NEWINTEQUNH15_MU@@,,
@@NEWINTEQUNH15_VOL@@,,
@@NEWINTEQUNH25_5@@,,
@@NEWINTEQUNH25_25@@,,
@@NEWINTEQUNH25_50@@,,
@@NEWINTEQUNH25_75@@,,
@@NEWINTEQUNH25_95@@,,
@@NEWINTEQUNH25_MU@@,,
@@NEWINTEQUNH25_VOL@@,,
@@NEWINTEQUNH30_5@@,,
@@NEWINTEQUNH30_25@@,,
@@NEWINTEQUNH30_50@@,,
@@NEWINTEQUNH30_75@@,,
@@NEWINTEQUNH30_95@@,,
@@NEWINTEQUNH30_MU@@,,
@@NEWINTEQUNH30_VOL@@,,
@@OLDINTEQUNHPERCENTILE@@,,
@@OLDINTEQUNHHIST@@,,
@@NEWINTEQUNHPERCENTILE@@,,
@@NEWINTEQUNHHIST@@,,
@@OLDEMEQP12@@,OldCalibFile,//Model[ModelID=//Model[Name='Emerging Market Equities']//volatility_model_id|//Model[Name='Emerging Market Equities']//VolatilityModelId]//probability_state2_state1|//Model[ModelID=//Model[Name='Emerging Market Equities']//volatility_model_id|//Model[Name='Emerging Market Equities']//VolatilityModelId]//ProbabilityState2State1
@@OLDEMEQP21@@,OldCalibFile,//Model[ModelID=//Model[Name='Emerging Market Equities']//volatility_model_id|//Model[Name='Emerging Market Equities']//VolatilityModelId]//probability_state2_state1|//Model[ModelID=//Model[Name='Emerging Market Equities']//volatility_model_id|//Model[Name='Emerging Market Equities']//VolatilityModelId]//ProbabilityState2State1
@@OLDEMEQMU1@@,OldCalibFile,//Model[ModelID=//Model[Name='Emerging Market Equities']//volatility_model_id|//Model[Name='Emerging Market Equities']//VolatilityModelId]//mean_return_state1|//Model[ModelID=//Model[Name='Emerging Market Equities']//volatility_model_id|//Model[Name='Emerging Market Equities']//VolatilityModelId]//MeanReturnState1
@@OLDEMEQSIGMA1@@,OldCalibFile,//Model[ModelID=//Model[Name='Emerging Market Equities']//volatility_model_id|//Model[Name='Emerging Market Equities']//VolatilityModelId]//volatility_state1|//Model[ModelID=//Model[Name='Emerging Market Equities']//volatility_model_id|//Model[Name='Emerging Market Equities']//VolatilityModelId]//VolatilityState1
@@OLDEMEQMU2@@,OldCalibFile,//Model[ModelID=//Model[Name='Emerging Market Equities']//volatility_model_id|//Model[Name='Emerging Market Equities']//VolatilityModelId]//mean_return_state2|//Model[ModelID=//Model[Name='Emerging Market Equities']//volatility_model_id|//Model[Name='Emerging Market Equities']//VolatilityModelId]//MeanReturnState2
@@OLDEMEQSIGMA2@@,OldCalibFile,//Model[ModelID=//Model[Name='Emerging Market Equities']//volatility_model_id|//Model[Name='Emerging Market Equities']//VolatilityModelId]//probability_state1_state2|//Model[ModelID=//Model[Name='Emerging Market Equities']//volatility_model_id|//Model[Name='Emerging Market Equities']//VolatilityModelId]//ProbabilityState1State2
@@NEWEMEQP12@@,NewCalibFile,//Model[ModelID=//Model[Name='Emerging Market Equities']//volatility_model_id|//Model[Name='Emerging Market Equities']//VolatilityModelId]//probability_state2_state1|//Model[ModelID=//Model[Name='Emerging Market Equities']//volatility_model_id|//Model[Name='Emerging Market Equities']//VolatilityModelId]//ProbabilityState2State1
@@NEWEMEQP21@@,NewCalibFile,//Model[ModelID=//Model[Name='Emerging Market Equities']//volatility_model_id|//Model[Name='Emerging Market Equities']//VolatilityModelId]//probability_state2_state1|//Model[ModelID=//Model[Name='Emerging Market Equities']//volatility_model_id|//Model[Name='Emerging Market Equities']//VolatilityModelId]//ProbabilityState2State1
@@NEWEMEQMU1@@,NewCalibFile,//Model[ModelID=//Model[Name='Emerging Market Equities']//volatility_model_id|//Model[Name='Emerging Market Equities']//VolatilityModelId]//mean_return_state1|//Model[ModelID=//Model[Name='Emerging Market Equities']//volatility_model_id|//Model[Name='Emerging Market Equities']//VolatilityModelId]//MeanReturnState1
@@NEWEMEQSIGMA1@@,NewCalibFile,//Model[ModelID=//Model[Name='Emerging Market Equities']//volatility_model_id|//Model[Name='Emerging Market Equities']//VolatilityModelId]//volatility_state1|//Model[ModelID=//Model[Name='Emerging Market Equities']//volatility_model_id|//Model[Name='Emerging Market Equities']//VolatilityModelId]//VolatilityState1
@@NEWEMEQMU2@@,NewCalibFile,//Model[ModelID=//Model[Name='Emerging Market Equities']//volatility_model_id|//Model[Name='Emerging Market Equities']//VolatilityModelId]//mean_return_state2|//Model[ModelID=//Model[Name='Emerging Market Equities']//volatility_model_id|//Model[Name='Emerging Market Equities']//VolatilityModelId]//MeanReturnState2
@@NEWEMEQSIGMA2@@,NewCalibFile,//Model[ModelID=//Model[Name='Emerging Market Equities']//volatility_model_id|//Model[Name='Emerging Market Equities']//VolatilityModelId]//probability_state1_state2|//Model[ModelID=//Model[Name='Emerging Market Equities']//volatility_model_id|//Model[Name='Emerging Market Equities']//VolatilityModelId]//ProbabilityState1State2
@@OLDEMEQY0@@,OldCalibFile,
@@OLDEMEQYMU@@,OldCalibFile,
@@OLDEMEQYALPHA@@,OldCalibFile,
@@OLDEMEQYSIGMA@@,OldCalibFile,
@@NEWEMEQY0@@,NewCalibFile,
@@NEWEMEQYMU@@,NewCalibFile,
@@NEWEMEQYALPHA@@,NewCalibFile,
@@NEWEMEQYSIGMA@@,NewCalibFile,
@@OLDEMEQ1_5@@,,
@@OLDEMEQ1_25@@,,
@@OLDEMEQ1_50@@,,
@@OLDEMEQ1_75@@,,
@@OLDEMEQ1_95@@,,
@@OLDEMEQ1_MU@@,,
@@OLDEMEQ1_VOL@@,,
@@OLDEMEQ5_5@@,,
@@OLDEMEQ5_25@@,,
@@OLDEMEQ5_50@@,,
@@OLDEMEQ5_75@@,,
@@OLDEMEQ5_95@@,,
@@OLDEMEQ5_MU@@,,
@@OLDEMEQ5_VOL@@,,
@@OLDEMEQ10_5@@,,
@@OLDEMEQ10_25@@,,
@@OLDEMEQ10_50@@,,
@@OLDEMEQ10_75@@,,
@@OLDEMEQ10_95@@,,
@@OLDEMEQ10_MU@@,,
@@OLDEMEQ10_VOL@@,,
@@OLDEMEQ15_5@@,,
@@OLDEMEQ15_25@@,,
@@OLDEMEQ15_50@@,,
@@OLDEMEQ15_75@@,,
@@OLDEMEQ15_95@@,,
@@OLDEMEQ15_MU@@,,
@@OLDEMEQ15_VOL@@,,
@@OLDEMEQ25_5@@,,
@@OLDEMEQ25_25@@,,
@@OLDEMEQ25_50@@,,
@@OLDEMEQ25_75@@,,
@@OLDEMEQ25_95@@,,
@@OLDEMEQ25_MU@@,,
@@OLDEMEQ25_VOL@@,,
@@OLDEMEQ30_5@@,,
@@OLDEMEQ30_25@@,,
@@OLDEMEQ30_50@@,,
@@OLDEMEQ30_75@@,,
@@OLDEMEQ30_95@@,,
@@OLDEMEQ30_MU@@,,
@@OLDEMEQ30_VOL@@,,
@@NEWEMEQ1_5@@,,
@@NEWEMEQ1_25@@,,
@@NEWEMEQ1_50@@,,
@@NEWEMEQ1_75@@,,
@@NEWEMEQ1_95@@,,
@@NEWEMEQ1_MU@@,,
@@NEWEMEQ1_VOL@@,,
@@NEWEMEQ5_5@@,,
@@NEWEMEQ5_25@@,,
@@NEWEMEQ5_50@@,,
@@NEWEMEQ5_75@@,,
@@NEWEMEQ5_95@@,,
@@NEWEMEQ5_MU@@,,
@@NEWEMEQ5_VOL@@,,
@@NEWEMEQ10_5@@,,
@@NEWEMEQ10_25@@,,
@@NEWEMEQ10_50@@,,
@@NEWEMEQ10_75@@,,
@@NEWEMEQ10_95@@,,
@@NEWEMEQ10_MU@@,,
@@NEWEMEQ10_VOL@@,,
@@NEWEMEQ15_5@@,,
@@NEWEMEQ15_25@@,,
@@NEWEMEQ15_50@@,,
@@NEWEMEQ15_75@@,,
@@NEWEMEQ15_95@@,,
@@NEWEMEQ15_MU@@,,
@@NEWEMEQ15_VOL@@,,
@@NEWEMEQ25_5@@,,
@@NEWEMEQ25_25@@,,
@@NEWEMEQ25_50@@,,
@@NEWEMEQ25_75@@,,
@@NEWEMEQ25_95@@,,
@@NEWEMEQ25_MU@@,,
@@NEWEMEQ25_VOL@@,,
@@NEWEMEQ30_5@@,,
@@NEWEMEQ30_25@@,,
@@NEWEMEQ30_50@@,,
@@NEWEMEQ30_75@@,,
@@NEWEMEQ30_95@@,,
@@NEWEMEQ30_MU@@,,
@@NEWEMEQ30_VOL@@,,
@@OLDEMEQPERCENTILE@@,,
@@OLDEMEQHIST@@,,
@@NEWEMEQPERCENTILE@@,,
@@NEWEMEQHIST@@,,
@@OLDAUFIP12@@,OldCalibFile,//Model[ModelID=//Model[Name='Australian Fixed Interest Government Bonds']//volatility_model_id|//Model[Name='Australian Fixed Interest Government Bonds']//VolatilityModelId]//probability_state2_state1|//Model[ModelID=//Model[Name='Australian Fixed Interest Government Bonds']//volatility_model_id|//Model[Name='Australian Fixed Interest Government Bonds']//VolatilityModelId]//ProbabilityState2State1
@@OLDAUFIP21@@,OldCalibFile,//Model[ModelID=//Model[Name='Australian Fixed Interest Government Bonds']//volatility_model_id|//Model[Name='Australian Fixed Interest Government Bonds']//VolatilityModelId]//probability_state2_state1|//Model[ModelID=//Model[Name='Australian Fixed Interest Government Bonds']//volatility_model_id|//Model[Name='Australian Fixed Interest Government Bonds']//VolatilityModelId]//ProbabilityState2State1
@@OLDAUFIMU1@@,OldCalibFile,//Model[ModelID=//Model[Name='Australian Fixed Interest Government Bonds']//volatility_model_id|//Model[Name='Australian Fixed Interest Government Bonds']//VolatilityModelId]//mean_return_state1|//Model[ModelID=//Model[Name='Australian Fixed Interest Government Bonds']//volatility_model_id|//Model[Name='Australian Fixed Interest Government Bonds']//VolatilityModelId]//MeanReturnState1
@@OLDAUFISIGMA1@@,OldCalibFile,//Model[ModelID=//Model[Name='Australian Fixed Interest Government Bonds']//volatility_model_id|//Model[Name='Australian Fixed Interest Government Bonds']//VolatilityModelId]//volatility_state1|//Model[ModelID=//Model[Name='Australian Fixed Interest Government Bonds']//volatility_model_id|//Model[Name='Australian Fixed Interest Government Bonds']//VolatilityModelId]//VolatilityState1
@@OLDAUFIMU2@@,OldCalibFile,//Model[ModelID=//Model[Name='Australian Fixed Interest Government Bonds']//volatility_model_id|//Model[Name='Australian Fixed Interest Government Bonds']//VolatilityModelId]//mean_return_state2|//Model[ModelID=//Model[Name='Australian Fixed Interest Government Bonds']//volatility_model_id|//Model[Name='Australian Fixed Interest Government Bonds']//VolatilityModelId]//MeanReturnState2
@@OLDAUFISIGMA2@@,OldCalibFile,//Model[ModelID=//Model[Name='Australian Fixed Interest Government Bonds']//volatility_model_id|//Model[Name='Australian Fixed Interest Government Bonds']//VolatilityModelId]//probability_state1_state2|//Model[ModelID=//Model[Name='Australian Fixed Interest Government Bonds']//volatility_model_id|//Model[Name='Australian Fixed Interest Government Bonds']//VolatilityModelId]//ProbabilityState1State2
@@NEWAUFIP12@@,NewCalibFile,//Model[ModelID=//Model[Name='Australian Fixed Interest Government Bonds']//volatility_model_id|//Model[Name='Australian Fixed Interest Government Bonds']//VolatilityModelId]//probability_state2_state1|//Model[ModelID=//Model[Name='Australian Fixed Interest Government Bonds']//volatility_model_id|//Model[Name='Australian Fixed Interest Government Bonds']//VolatilityModelId]//ProbabilityState2State1
@@NEWAUFIP21@@,NewCalibFile,//Model[ModelID=//Model[Name='Australian Fixed Interest Government Bonds']//volatility_model_id|//Model[Name='Australian Fixed Interest Government Bonds']//VolatilityModelId]//probability_state2_state1|//Model[ModelID=//Model[Name='Australian Fixed Interest Government Bonds']//volatility_model_id|//Model[Name='Australian Fixed Interest Government Bonds']//VolatilityModelId]//ProbabilityState2State1
@@NEWAUFIMU1@@,NewCalibFile,//Model[ModelID=//Model[Name='Australian Fixed Interest Government Bonds']//volatility_model_id|//Model[Name='Australian Fixed Interest Government Bonds']//VolatilityModelId]//mean_return_state1|//Model[ModelID=//Model[Name='Australian Fixed Interest Government Bonds']//volatility_model_id|//Model[Name='Australian Fixed Interest Government Bonds']//VolatilityModelId]//MeanReturnState1
@@NEWAUFISIGMA1@@,NewCalibFile,//Model[ModelID=//Model[Name='Australian Fixed Interest Government Bonds']//volatility_model_id|//Model[Name='Australian Fixed Interest Government Bonds']//VolatilityModelId]//volatility_state1|//Model[ModelID=//Model[Name='Australian Fixed Interest Government Bonds']//volatility_model_id|//Model[Name='Australian Fixed Interest Government Bonds']//VolatilityModelId]//VolatilityState1
@@NEWAUFIMU2@@,NewCalibFile,//Model[ModelID=//Model[Name='Australian Fixed Interest Government Bonds']//volatility_model_id|//Model[Name='Australian Fixed Interest Government Bonds']//VolatilityModelId]//mean_return_state2|//Model[ModelID=//Model[Name='Australian Fixed Interest Government Bonds']//volatility_model_id|//Model[Name='Australian Fixed Interest Government Bonds']//VolatilityModelId]//MeanReturnState2
@@NEWAUFISIGMA2@@,NewCalibFile,//Model[ModelID=//Model[Name='Australian Fixed Interest Government Bonds']//volatility_model_id|//Model[Name='Australian Fixed Interest Government Bonds']//VolatilityModelId]//probability_state1_state2|//Model[ModelID=//Model[Name='Australian Fixed Interest Government Bonds']//volatility_model_id|//Model[Name='Australian Fixed Interest Government Bonds']//VolatilityModelId]//ProbabilityState1State2
@@OLDAUFIY0@@,OldCalibFile,
@@OLDAUFIYMU@@,OldCalibFile,
@@OLDAUFIYALPHA@@,OldCalibFile,
@@OLDAUFIYSIGMA@@,OldCalibFile,
@@NEWAUFIY0@@,NewCalibFile,
@@NEWAUFIYMU@@,NewCalibFile,
@@NEWAUFIYALPHA@@,NewCalibFile,
@@NEWAUFIYSIGMA@@,NewCalibFile,
@@OLDAUFI1_5@@,,
@@OLDAUFI1_25@@,,
@@OLDAUFI1_50@@,,
@@OLDAUFI1_75@@,,
@@OLDAUFI1_95@@,,
@@OLDAUFI1_MU@@,,
@@OLDAUFI1_VOL@@,,
@@OLDAUFI5_5@@,,
@@OLDAUFI5_25@@,,
@@OLDAUFI5_50@@,,
@@OLDAUFI5_75@@,,
@@OLDAUFI5_95@@,,
@@OLDAUFI5_MU@@,,
@@OLDAUFI5_VOL@@,,
@@OLDAUFI10_5@@,,
@@OLDAUFI10_25@@,,
@@OLDAUFI10_50@@,,
@@OLDAUFI10_75@@,,
@@OLDAUFI10_95@@,,
@@OLDAUFI10_MU@@,,
@@OLDAUFI10_VOL@@,,
@@OLDAUFI15_5@@,,
@@OLDAUFI15_25@@,,
@@OLDAUFI15_50@@,,
@@OLDAUFI15_75@@,,
@@OLDAUFI15_95@@,,
@@OLDAUFI15_MU@@,,
@@OLDAUFI15_VOL@@,,
@@OLDAUFI25_5@@,,
@@OLDAUFI25_25@@,,
@@OLDAUFI25_50@@,,
@@OLDAUFI25_75@@,,
@@OLDAUFI25_95@@,,
@@OLDAUFI25_MU@@,,
@@OLDAUFI25_VOL@@,,
@@OLDAUFI30_5@@,,
@@OLDAUFI30_25@@,,
@@OLDAUFI30_50@@,,
@@OLDAUFI30_75@@,,
@@OLDAUFI30_95@@,,
@@OLDAUFI30_MU@@,,
@@OLDAUFI30_VOL@@,,
@@NEWAUFI1_5@@,,
@@NEWAUFI1_25@@,,
@@NEWAUFI1_50@@,,
@@NEWAUFI1_75@@,,
@@NEWAUFI1_95@@,,
@@NEWAUFI1_MU@@,,
@@NEWAUFI1_VOL@@,,
@@NEWAUFI5_5@@,,
@@NEWAUFI5_25@@,,
@@NEWAUFI5_50@@,,
@@NEWAUFI5_75@@,,
@@NEWAUFI5_95@@,,
@@NEWAUFI5_MU@@,,
@@NEWAUFI5_VOL@@,,
@@NEWAUFI10_5@@,,
@@NEWAUFI10_25@@,,
@@NEWAUFI10_50@@,,
@@NEWAUFI10_75@@,,
@@NEWAUFI10_95@@,,
@@NEWAUFI10_MU@@,,
@@NEWAUFI10_VOL@@,,
@@NEWAUFI15_5@@,,
@@NEWAUFI15_25@@,,
@@NEWAUFI15_50@@,,
@@NEWAUFI15_75@@,,
@@NEWAUFI15_95@@,,
@@NEWAUFI15_MU@@,,
@@NEWAUFI15_VOL@@,,
@@NEWAUFI25_5@@,,
@@NEWAUFI25_25@@,,
@@NEWAUFI25_50@@,,
@@NEWAUFI25_75@@,,
@@NEWAUFI25_95@@,,
@@NEWAUFI25_MU@@,,
@@NEWAUFI25_VOL@@,,
@@NEWAUFI30_5@@,,
@@NEWAUFI30_25@@,,
@@NEWAUFI30_50@@,,
@@NEWAUFI30_75@@,,
@@NEWAUFI30_95@@,,
@@NEWAUFI30_MU@@,,
@@NEWAUFI30_VOL@@,,
@@OLDAUFIPERCENTILE@@,,
@@OLDAUFIHIST@@,,
@@NEWAUFIPERCENTILE@@,,
@@NEWAUFIHIST@@,,
@@OLDAUFICP12@@,OldCalibFile,//Model[ModelID=//Model[Name='AustralianCorporateBonds']//volatility_model_id|//Model[Name='AustralianCorporateBonds']//VolatilityModelId]//probability_state2_state1|//Model[ModelID=//Model[Name='AustralianCorporateBonds']//volatility_model_id|//Model[Name='AustralianCorporateBonds']//VolatilityModelId]//ProbabilityState2State1
@@OLDAUFICP21@@,OldCalibFile,//Model[ModelID=//Model[Name='AustralianCorporateBonds']//volatility_model_id|//Model[Name='AustralianCorporateBonds']//VolatilityModelId]//probability_state2_state1|//Model[ModelID=//Model[Name='AustralianCorporateBonds']//volatility_model_id|//Model[Name='AustralianCorporateBonds']//VolatilityModelId]//ProbabilityState2State1
@@OLDAUFICMU1@@,OldCalibFile,//Model[ModelID=//Model[Name='AustralianCorporateBonds']//volatility_model_id|//Model[Name='AustralianCorporateBonds']//VolatilityModelId]//mean_return_state1|//Model[ModelID=//Model[Name='AustralianCorporateBonds']//volatility_model_id|//Model[Name='AustralianCorporateBonds']//VolatilityModelId]//MeanReturnState1
@@OLDAUFICSIGMA1@@,OldCalibFile,//Model[ModelID=//Model[Name='AustralianCorporateBonds']//volatility_model_id|//Model[Name='AustralianCorporateBonds']//VolatilityModelId]//volatility_state1|//Model[ModelID=//Model[Name='AustralianCorporateBonds']//volatility_model_id|//Model[Name='AustralianCorporateBonds']//VolatilityModelId]//VolatilityState1
@@OLDAUFICMU2@@,OldCalibFile,//Model[ModelID=//Model[Name='AustralianCorporateBonds']//volatility_model_id|//Model[Name='AustralianCorporateBonds']//VolatilityModelId]//mean_return_state2|//Model[ModelID=//Model[Name='AustralianCorporateBonds']//volatility_model_id|//Model[Name='AustralianCorporateBonds']//VolatilityModelId]//MeanReturnState2
@@OLDAUFICSIGMA2@@,OldCalibFile,//Model[ModelID=//Model[Name='AustralianCorporateBonds']//volatility_model_id|//Model[Name='AustralianCorporateBonds']//VolatilityModelId]//probability_state1_state2|//Model[ModelID=//Model[Name='AustralianCorporateBonds']//volatility_model_id|//Model[Name='AustralianCorporateBonds']//VolatilityModelId]//ProbabilityState1State2
@@NEWAUFICP12@@,NewCalibFile,//Model[ModelID=//Model[Name='AustralianCorporateBonds']//volatility_model_id|//Model[Name='AustralianCorporateBonds']//VolatilityModelId]//probability_state2_state1|//Model[ModelID=//Model[Name='AustralianCorporateBonds']//volatility_model_id|//Model[Name='AustralianCorporateBonds']//VolatilityModelId]//ProbabilityState2State1
@@NEWAUFICP21@@,NewCalibFile,//Model[ModelID=//Model[Name='AustralianCorporateBonds']//volatility_model_id|//Model[Name='AustralianCorporateBonds']//VolatilityModelId]//probability_state2_state1|//Model[ModelID=//Model[Name='AustralianCorporateBonds']//volatility_model_id|//Model[Name='AustralianCorporateBonds']//VolatilityModelId]//ProbabilityState2State1
@@NEWAUFICMU1@@,NewCalibFile,//Model[ModelID=//Model[Name='AustralianCorporateBonds']//volatility_model_id|//Model[Name='AustralianCorporateBonds']//VolatilityModelId]//mean_return_state1|//Model[ModelID=//Model[Name='AustralianCorporateBonds']//volatility_model_id|//Model[Name='AustralianCorporateBonds']//VolatilityModelId]//MeanReturnState1
@@NEWAUFICSIGMA1@@,NewCalibFile,//Model[ModelID=//Model[Name='AustralianCorporateBonds']//volatility_model_id|//Model[Name='AustralianCorporateBonds']//VolatilityModelId]//volatility_state1|//Model[ModelID=//Model[Name='AustralianCorporateBonds']//volatility_model_id|//Model[Name='AustralianCorporateBonds']//VolatilityModelId]//VolatilityState1
@@NEWAUFICMU2@@,NewCalibFile,//Model[ModelID=//Model[Name='AustralianCorporateBonds']//volatility_model_id|//Model[Name='AustralianCorporateBonds']//VolatilityModelId]//mean_return_state2|//Model[ModelID=//Model[Name='AustralianCorporateBonds']//volatility_model_id|//Model[Name='AustralianCorporateBonds']//VolatilityModelId]//MeanReturnState2
@@NEWAUFICSIGMA2@@,NewCalibFile,//Model[ModelID=//Model[Name='AustralianCorporateBonds']//volatility_model_id|//Model[Name='AustralianCorporateBonds']//VolatilityModelId]//probability_state1_state2|//Model[ModelID=//Model[Name='AustralianCorporateBonds']//volatility_model_id|//Model[Name='AustralianCorporateBonds']//VolatilityModelId]//ProbabilityState1State2
@@OLDAUFICY0@@,OldCalibFile,
@@OLDAUFICYMU@@,OldCalibFile,
@@OLDAUFICYALPHA@@,OldCalibFile,
@@OLDAUFICYSIGMA@@,OldCalibFile,
@@NEWAUFICY0@@,NewCalibFile,
@@NEWAUFICYMU@@,NewCalibFile,
@@NEWAUFICYALPHA@@,NewCalibFile,
@@NEWAUFICYSIGMA@@,NewCalibFile,
@@OLDAUFIC1_5@@,,
@@OLDAUFIC1_25@@,,
@@OLDAUFIC1_50@@,,
@@OLDAUFIC1_75@@,,
@@OLDAUFIC1_95@@,,
@@OLDAUFIC1_MU@@,,
@@OLDAUFIC1_VOL@@,,
@@OLDAUFIC5_5@@,,
@@OLDAUFIC5_25@@,,
@@OLDAUFIC5_50@@,,
@@OLDAUFIC5_75@@,,
@@OLDAUFIC5_95@@,,
@@OLDAUFIC5_MU@@,,
@@OLDAUFIC5_VOL@@,,
@@OLDAUFIC10_5@@,,
@@OLDAUFIC10_25@@,,
@@OLDAUFIC10_50@@,,
@@OLDAUFIC10_75@@,,
@@OLDAUFIC10_95@@,,
@@OLDAUFIC10_MU@@,,
@@OLDAUFIC10_VOL@@,,
@@OLDAUFIC15_5@@,,
@@OLDAUFIC15_25@@,,
@@OLDAUFIC15_50@@,,
@@OLDAUFIC15_75@@,,
@@OLDAUFIC15_95@@,,
@@OLDAUFIC15_MU@@,,
@@OLDAUFIC15_VOL@@,,
@@OLDAUFIC25_5@@,,
@@OLDAUFIC25_25@@,,
@@OLDAUFIC25_50@@,,
@@OLDAUFIC25_75@@,,
@@OLDAUFIC25_95@@,,
@@OLDAUFIC25_MU@@,,
@@OLDAUFIC25_VOL@@,,
@@OLDAUFIC30_5@@,,
@@OLDAUFIC30_25@@,,
@@OLDAUFIC30_50@@,,
@@OLDAUFIC30_75@@,,
@@OLDAUFIC30_95@@,,
@@OLDAUFIC30_MU@@,,
@@OLDAUFIC30_VOL@@,,
@@NEWAUFIC1_5@@,,
@@NEWAUFIC1_25@@,,
@@NEWAUFIC1_50@@,,
@@NEWAUFIC1_75@@,,
@@NEWAUFIC1_95@@,,
@@NEWAUFIC1_MU@@,,
@@NEWAUFIC1_VOL@@,,
@@NEWAUFIC5_5@@,,
@@NEWAUFIC5_25@@,,
@@NEWAUFIC5_50@@,,
@@NEWAUFIC5_75@@,,
@@NEWAUFIC5_95@@,,
@@NEWAUFIC5_MU@@,,
@@NEWAUFIC5_VOL@@,,
@@NEWAUFIC10_5@@,,
@@NEWAUFIC10_25@@,,
@@NEWAUFIC10_50@@,,
@@NEWAUFIC10_75@@,,
@@NEWAUFIC10_95@@,,
@@NEWAUFIC10_MU@@,,
@@NEWAUFIC10_VOL@@,,
@@NEWAUFIC15_5@@,,
@@NEWAUFIC15_25@@,,
@@NEWAUFIC15_50@@,,
@@NEWAUFIC15_75@@,,
@@NEWAUFIC15_95@@,,
@@NEWAUFIC15_MU@@,,
@@NEWAUFIC15_VOL@@,,
@@NEWAUFIC25_5@@,,
@@NEWAUFIC25_25@@,,
@@NEWAUFIC25_50@@,,
@@NEWAUFIC25_75@@,,
@@NEWAUFIC25_95@@,,
@@NEWAUFIC25_MU@@,,
@@NEWAUFIC25_VOL@@,,
@@NEWAUFIC30_5@@,,
@@NEWAUFIC30_25@@,,
@@NEWAUFIC30_50@@,,
@@NEWAUFIC30_75@@,,
@@NEWAUFIC30_95@@,,
@@NEWAUFIC30_MU@@,,
@@NEWAUFIC30_VOL@@,,
@@OLDAUFICPERCENTILE@@,,
@@OLDAUFICHIST@@,,
@@NEWAUFICPERCENTILE@@,,
@@NEWAUFICHIST@@,,
@@OLDINTFIP12@@,OldCalibFile,//Model[ModelID=//Model[Name='International Fixed Interest Government Bonds']//volatility_model_id|//Model[Name='International Fixed Interest Government Bonds']//VolatilityModelId]//probability_state2_state1|//Model[ModelID=//Model[Name='International Fixed Interest Government Bonds']//volatility_model_id|//Model[Name='International Fixed Interest Government Bonds']//VolatilityModelId]//ProbabilityState2State1
@@OLDINTFIP21@@,OldCalibFile,//Model[ModelID=//Model[Name='International Fixed Interest Government Bonds']//volatility_model_id|//Model[Name='International Fixed Interest Government Bonds']//VolatilityModelId]//probability_state2_state1|//Model[ModelID=//Model[Name='International Fixed Interest Government Bonds']//volatility_model_id|//Model[Name='International Fixed Interest Government Bonds']//VolatilityModelId]//ProbabilityState2State1
@@OLDINTFIMU1@@,OldCalibFile,//Model[ModelID=//Model[Name='International Fixed Interest Government Bonds']//volatility_model_id|//Model[Name='International Fixed Interest Government Bonds']//VolatilityModelId]//mean_return_state1|//Model[ModelID=//Model[Name='International Fixed Interest Government Bonds']//volatility_model_id|//Model[Name='International Fixed Interest Government Bonds']//VolatilityModelId]//MeanReturnState1
@@OLDINTFISIGMA1@@,OldCalibFile,//Model[ModelID=//Model[Name='International Fixed Interest Government Bonds']//volatility_model_id|//Model[Name='International Fixed Interest Government Bonds']//VolatilityModelId]//volatility_state1|//Model[ModelID=//Model[Name='International Fixed Interest Government Bonds']//volatility_model_id|//Model[Name='International Fixed Interest Government Bonds']//VolatilityModelId]//VolatilityState1
@@OLDINTFIMU2@@,OldCalibFile,//Model[ModelID=//Model[Name='International Fixed Interest Government Bonds']//volatility_model_id|//Model[Name='International Fixed Interest Government Bonds']//VolatilityModelId]//mean_return_state2|//Model[ModelID=//Model[Name='International Fixed Interest Government Bonds']//volatility_model_id|//Model[Name='International Fixed Interest Government Bonds']//VolatilityModelId]//MeanReturnState2
@@OLDINTFISIGMA2@@,OldCalibFile,//Model[ModelID=//Model[Name='International Fixed Interest Government Bonds']//volatility_model_id|//Model[Name='International Fixed Interest Government Bonds']//VolatilityModelId]//probability_state1_state2|//Model[ModelID=//Model[Name='International Fixed Interest Government Bonds']//volatility_model_id|//Model[Name='International Fixed Interest Government Bonds']//VolatilityModelId]//ProbabilityState1State2
@@NEWINTFIP12@@,NewCalibFile,//Model[ModelID=//Model[Name='International Fixed Interest Government Bonds']//volatility_model_id|//Model[Name='International Fixed Interest Government Bonds']//VolatilityModelId]//probability_state2_state1|//Model[ModelID=//Model[Name='International Fixed Interest Government Bonds']//volatility_model_id|//Model[Name='International Fixed Interest Government Bonds']//VolatilityModelId]//ProbabilityState2State1
@@NEWINTFIP21@@,NewCalibFile,//Model[ModelID=//Model[Name='International Fixed Interest Government Bonds']//volatility_model_id|//Model[Name='International Fixed Interest Government Bonds']//VolatilityModelId]//probability_state2_state1|//Model[ModelID=//Model[Name='International Fixed Interest Government Bonds']//volatility_model_id|//Model[Name='International Fixed Interest Government Bonds']//VolatilityModelId]//ProbabilityState2State1
@@NEWINTFIMU1@@,NewCalibFile,//Model[ModelID=//Model[Name='International Fixed Interest Government Bonds']//volatility_model_id|//Model[Name='International Fixed Interest Government Bonds']//VolatilityModelId]//mean_return_state1|//Model[ModelID=//Model[Name='International Fixed Interest Government Bonds']//volatility_model_id|//Model[Name='International Fixed Interest Government Bonds']//VolatilityModelId]//MeanReturnState1
@@NEWINTFISIGMA1@@,NewCalibFile,//Model[ModelID=//Model[Name='International Fixed Interest Government Bonds']//volatility_model_id|//Model[Name='International Fixed Interest Government Bonds']//VolatilityModelId]//volatility_state1|//Model[ModelID=//Model[Name='International Fixed Interest Government Bonds']//volatility_model_id|//Model[Name='International Fixed Interest Government Bonds']//VolatilityModelId]//VolatilityState1
@@NEWINTFIMU2@@,NewCalibFile,//Model[ModelID=//Model[Name='International Fixed Interest Government Bonds']//volatility_model_id|//Model[Name='International Fixed Interest Government Bonds']//VolatilityModelId]//mean_return_state2|//Model[ModelID=//Model[Name='International Fixed Interest Government Bonds']//volatility_model_id|//Model[Name='International Fixed Interest Government Bonds']//VolatilityModelId]//MeanReturnState2
@@NEWINTFISIGMA2@@,NewCalibFile,//Model[ModelID=//Model[Name='International Fixed Interest Government Bonds']//volatility_model_id|//Model[Name='International Fixed Interest Government Bonds']//VolatilityModelId]//probability_state1_state2|//Model[ModelID=//Model[Name='International Fixed Interest Government Bonds']//volatility_model_id|//Model[Name='International Fixed Interest Government Bonds']//VolatilityModelId]//ProbabilityState1State2
@@OLDINTFIY0@@,OldCalibFile,
@@OLDINTFIYMU@@,OldCalibFile,
@@OLDINTFIYALPHA@@,OldCalibFile,
@@OLDINTFIYSIGMA@@,OldCalibFile,
@@NEWINTFIY0@@,NewCalibFile,
@@NEWINTFIYMU@@,NewCalibFile,
@@NEWINTFIYALPHA@@,NewCalibFile,
@@NEWINTFIYSIGMA@@,NewCalibFile,
@@OLDINTFI1_5@@,,
@@OLDINTFI1_25@@,,
@@OLDINTFI1_50@@,,
@@OLDINTFI1_75@@,,
@@OLDINTFI1_95@@,,
@@OLDINTFI1_MU@@,,
@@OLDINTFI1_VOL@@,,
@@OLDINTFI5_5@@,,
@@OLDINTFI5_25@@,,
@@OLDINTFI5_50@@,,
@@OLDINTFI5_75@@,,
@@OLDINTFI5_95@@,,
@@OLDINTFI5_MU@@,,
@@OLDINTFI5_VOL@@,,
@@OLDINTFI10_5@@,,
@@OLDINTFI10_25@@,,
@@OLDINTFI10_50@@,,
@@OLDINTFI10_75@@,,
@@OLDINTFI10_95@@,,
@@OLDINTFI10_MU@@,,
@@OLDINTFI10_VOL@@,,
@@OLDINTFI15_5@@,,
@@OLDINTFI15_25@@,,
@@OLDINTFI15_50@@,,
@@OLDINTFI15_75@@,,
@@OLDINTFI15_95@@,,
@@OLDINTFI15_MU@@,,
@@OLDINTFI15_VOL@@,,
@@OLDINTFI25_5@@,,
@@OLDINTFI25_25@@,,
@@OLDINTFI25_50@@,,
@@OLDINTFI25_75@@,,
@@OLDINTFI25_95@@,,
@@OLDINTFI25_MU@@,,
@@OLDINTFI25_VOL@@,,
@@OLDINTFI30_5@@,,
@@OLDINTFI30_25@@,,
@@OLDINTFI30_50@@,,
@@OLDINTFI30_75@@,,
@@OLDINTFI30_95@@,,
@@OLDINTFI30_MU@@,,
@@OLDINTFI30_VOL@@,,
@@NEWINTFI1_5@@,,
@@NEWINTFI1_25@@,,
@@NEWINTFI1_50@@,,
@@NEWINTFI1_75@@,,
@@NEWINTFI1_95@@,,
@@NEWINTFI1_MU@@,,
@@NEWINTFI1_VOL@@,,
@@NEWINTFI5_5@@,,
@@NEWINTFI5_25@@,,
@@NEWINTFI5_50@@,,
@@NEWINTFI5_75@@,,
@@NEWINTFI5_95@@,,
@@NEWINTFI5_MU@@,,
@@NEWINTFI5_VOL@@,,
@@NEWINTFI10_5@@,,
@@NEWINTFI10_25@@,,
@@NEWINTFI10_50@@,,
@@NEWINTFI10_75@@,,
@@NEWINTFI10_95@@,,
@@NEWINTFI10_MU@@,,
@@NEWINTFI10_VOL@@,,
@@NEWINTFI15_5@@,,
@@NEWINTFI15_25@@,,
@@NEWINTFI15_50@@,,
@@NEWINTFI15_75@@,,
@@NEWINTFI15_95@@,,
@@NEWINTFI15_MU@@,,
@@NEWINTFI15_VOL@@,,
@@NEWINTFI25_5@@,,
@@NEWINTFI25_25@@,,
@@NEWINTFI25_50@@,,
@@NEWINTFI25_75@@,,
@@NEWINTFI25_95@@,,
@@NEWINTFI25_MU@@,,
@@NEWINTFI25_VOL@@,,
@@NEWINTFI30_5@@,,
@@NEWINTFI30_25@@,,
@@NEWINTFI30_50@@,,
@@NEWINTFI30_75@@,,
@@NEWINTFI30_95@@,,
@@NEWINTFI30_MU@@,,
@@NEWINTFI30_VOL@@,,
@@OLDINTFIPERCENTILE@@,,
@@OLDINTFIHIST@@,,
@@NEWINTFIPERCENTILE@@,,
@@NEWINTFIHIST@@,,
@@OLDAUPP12@@,OldCalibFile,//Model[ModelID=//Model[Name='Australian Listed Property']//volatility_model_id|//Model[Name='Australian Listed Property']//VolatilityModelId]//probability_state2_state1|//Model[ModelID=//Model[Name='Australian Listed Property']//volatility_model_id|//Model[Name='Australian Listed Property']//VolatilityModelId]//ProbabilityState2State1
@@OLDAUPP21@@,OldCalibFile,//Model[ModelID=//Model[Name='Australian Listed Property']//volatility_model_id|//Model[Name='Australian Listed Property']//VolatilityModelId]//probability_state2_state1|//Model[ModelID=//Model[Name='Australian Listed Property']//volatility_model_id|//Model[Name='Australian Listed Property']//VolatilityModelId]//ProbabilityState2State1
@@OLDAUPMU1@@,OldCalibFile,//Model[ModelID=//Model[Name='Australian Listed Property']//volatility_model_id|//Model[Name='Australian Listed Property']//VolatilityModelId]//mean_return_state1|//Model[ModelID=//Model[Name='Australian Listed Property']//volatility_model_id|//Model[Name='Australian Listed Property']//VolatilityModelId]//MeanReturnState1
@@OLDAUPSIGMA1@@,OldCalibFile,//Model[ModelID=//Model[Name='Australian Listed Property']//volatility_model_id|//Model[Name='Australian Listed Property']//VolatilityModelId]//volatility_state1|//Model[ModelID=//Model[Name='Australian Listed Property']//volatility_model_id|//Model[Name='Australian Listed Property']//VolatilityModelId]//VolatilityState1
@@OLDAUPMU2@@,OldCalibFile,//Model[ModelID=//Model[Name='Australian Listed Property']//volatility_model_id|//Model[Name='Australian Listed Property']//VolatilityModelId]//mean_return_state2|//Model[ModelID=//Model[Name='Australian Listed Property']//volatility_model_id|//Model[Name='Australian Listed Property']//VolatilityModelId]//MeanReturnState2
@@OLDAUPSIGMA2@@,OldCalibFile,//Model[ModelID=//Model[Name='Australian Listed Property']//volatility_model_id|//Model[Name='Australian Listed Property']//VolatilityModelId]//probability_state1_state2|//Model[ModelID=//Model[Name='Australian Listed Property']//volatility_model_id|//Model[Name='Australian Listed Property']//VolatilityModelId]//ProbabilityState1State2
@@NEWAUPP12@@,NewCalibFile,//Model[ModelID=//Model[Name='Australian Listed Property']//volatility_model_id|//Model[Name='Australian Listed Property']//VolatilityModelId]//probability_state2_state1|//Model[ModelID=//Model[Name='Australian Listed Property']//volatility_model_id|//Model[Name='Australian Listed Property']//VolatilityModelId]//ProbabilityState2State1
@@NEWAUPP21@@,NewCalibFile,//Model[ModelID=//Model[Name='Australian Listed Property']//volatility_model_id|//Model[Name='Australian Listed Property']//VolatilityModelId]//probability_state2_state1|//Model[ModelID=//Model[Name='Australian Listed Property']//volatility_model_id|//Model[Name='Australian Listed Property']//VolatilityModelId]//ProbabilityState2State1
@@NEWAUPMU1@@,NewCalibFile,//Model[ModelID=//Model[Name='Australian Listed Property']//volatility_model_id|//Model[Name='Australian Listed Property']//VolatilityModelId]//mean_return_state1|//Model[ModelID=//Model[Name='Australian Listed Property']//volatility_model_id|//Model[Name='Australian Listed Property']//VolatilityModelId]//MeanReturnState1
@@NEWAUPSIGMA1@@,NewCalibFile,//Model[ModelID=//Model[Name='Australian Listed Property']//volatility_model_id|//Model[Name='Australian Listed Property']//VolatilityModelId]//volatility_state1|//Model[ModelID=//Model[Name='Australian Listed Property']//volatility_model_id|//Model[Name='Australian Listed Property']//VolatilityModelId]//VolatilityState1
@@NEWAUPMU2@@,NewCalibFile,//Model[ModelID=//Model[Name='Australian Listed Property']//volatility_model_id|//Model[Name='Australian Listed Property']//VolatilityModelId]//mean_return_state2|//Model[ModelID=//Model[Name='Australian Listed Property']//volatility_model_id|//Model[Name='Australian Listed Property']//VolatilityModelId]//MeanReturnState2
@@NEWAUPSIGMA2@@,NewCalibFile,//Model[ModelID=//Model[Name='Australian Listed Property']//volatility_model_id|//Model[Name='Australian Listed Property']//VolatilityModelId]//probability_state1_state2|//Model[ModelID=//Model[Name='Australian Listed Property']//volatility_model_id|//Model[Name='Australian Listed Property']//VolatilityModelId]//ProbabilityState1State2
@@OLDAUPY0@@,OldCalibFile,
@@OLDAUPYMU@@,OldCalibFile,
@@OLDAUPYALPHA@@,OldCalibFile,
@@OLDAUPYSIGMA@@,OldCalibFile,
@@NEWAUPY0@@,NewCalibFile,
@@NEWAUPYMU@@,NewCalibFile,
@@NEWAUPYALPHA@@,NewCalibFile,
@@NEWAUPYSIGMA@@,NewCalibFile,
@@OLDAUP1_5@@,,
@@OLDAUP1_25@@,,
@@OLDAUP1_50@@,,
@@OLDAUP1_75@@,,
@@OLDAUP1_95@@,,
@@OLDAUP1_MU@@,,
@@OLDAUP1_VOL@@,,
@@OLDAUP5_5@@,,
@@OLDAUP5_25@@,,
@@OLDAUP5_50@@,,
@@OLDAUP5_75@@,,
@@OLDAUP5_95@@,,
@@OLDAUP5_MU@@,,
@@OLDAUP5_VOL@@,,
@@OLDAUP10_5@@,,
@@OLDAUP10_25@@,,
@@OLDAUP10_50@@,,
@@OLDAUP10_75@@,,
@@OLDAUP10_95@@,,
@@OLDAUP10_MU@@,,
@@OLDAUP10_VOL@@,,
@@OLDAUP15_5@@,,
@@OLDAUP15_25@@,,
@@OLDAUP15_50@@,,
@@OLDAUP15_75@@,,
@@OLDAUP15_95@@,,
@@OLDAUP15_MU@@,,
@@OLDAUP15_VOL@@,,
@@OLDAUP25_5@@,,
@@OLDAUP25_25@@,,
@@OLDAUP25_50@@,,
@@OLDAUP25_75@@,,
@@OLDAUP25_95@@,,
@@OLDAUP25_MU@@,,
@@OLDAUP25_VOL@@,,
@@OLDAUP30_5@@,,
@@OLDAUP30_25@@,,
@@OLDAUP30_50@@,,
@@OLDAUP30_75@@,,
@@OLDAUP30_95@@,,
@@OLDAUP30_MU@@,,
@@OLDAUP30_VOL@@,,
@@NEWAUP1_5@@,,
@@NEWAUP1_25@@,,
@@NEWAUP1_50@@,,
@@NEWAUP1_75@@,,
@@NEWAUP1_95@@,,
@@NEWAUP1_MU@@,,
@@NEWAUP1_VOL@@,,
@@NEWAUP5_5@@,,
@@NEWAUP5_25@@,,
@@NEWAUP5_50@@,,
@@NEWAUP5_75@@,,
@@NEWAUP5_95@@,,
@@NEWAUP5_MU@@,,
@@NEWAUP5_VOL@@,,
@@NEWAUP10_5@@,,
@@NEWAUP10_25@@,,
@@NEWAUP10_50@@,,
@@NEWAUP10_75@@,,
@@NEWAUP10_95@@,,
@@NEWAUP10_MU@@,,
@@NEWAUP10_VOL@@,,
@@NEWAUP15_5@@,,
@@NEWAUP15_25@@,,
@@NEWAUP15_50@@,,
@@NEWAUP15_75@@,,
@@NEWAUP15_95@@,,
@@NEWAUP15_MU@@,,
@@NEWAUP15_VOL@@,,
@@NEWAUP25_5@@,,
@@NEWAUP25_25@@,,
@@NEWAUP25_50@@,,
@@NEWAUP25_75@@,,
@@NEWAUP25_95@@,,
@@NEWAUP25_MU@@,,
@@NEWAUP25_VOL@@,,
@@NEWAUP30_5@@,,
@@NEWAUP30_25@@,,
@@NEWAUP30_50@@,,
@@NEWAUP30_75@@,,
@@NEWAUP30_95@@,,
@@NEWAUP30_MU@@,,
@@NEWAUP30_VOL@@,,
@@OLDAUPPERCENTILE@@,,
@@OLDAUPHIST@@,,
@@NEWAUPPERCENTILE@@,,
@@NEWAUPHIST@@,,
@@OLDAUDPP12@@,OldCalibFile,//Model[ModelID=//Model[Name='Australian Direct Property']//volatility_model_id|//Model[Name='Australian Direct Property']//VolatilityModelId]//probability_state2_state1|//Model[ModelID=//Model[Name='Australian Direct Property']//volatility_model_id|//Model[Name='Australian Direct Property']//VolatilityModelId]//ProbabilityState2State1
@@OLDAUDPP21@@,OldCalibFile,//Model[ModelID=//Model[Name='Australian Direct Property']//volatility_model_id|//Model[Name='Australian Direct Property']//VolatilityModelId]//probability_state2_state1|//Model[ModelID=//Model[Name='Australian Direct Property']//volatility_model_id|//Model[Name='Australian Direct Property']//VolatilityModelId]//ProbabilityState2State1
@@OLDAUDPMU1@@,OldCalibFile,//Model[ModelID=//Model[Name='Australian Direct Property']//volatility_model_id|//Model[Name='Australian Direct Property']//VolatilityModelId]//mean_return_state1|//Model[ModelID=//Model[Name='Australian Direct Property']//volatility_model_id|//Model[Name='Australian Direct Property']//VolatilityModelId]//MeanReturnState1
@@OLDAUDPSIGMA1@@,OldCalibFile,//Model[ModelID=//Model[Name='Australian Direct Property']//volatility_model_id|//Model[Name='Australian Direct Property']//VolatilityModelId]//volatility_state1|//Model[ModelID=//Model[Name='Australian Direct Property']//volatility_model_id|//Model[Name='Australian Direct Property']//VolatilityModelId]//VolatilityState1
@@OLDAUDPMU2@@,OldCalibFile,//Model[ModelID=//Model[Name='Australian Direct Property']//volatility_model_id|//Model[Name='Australian Direct Property']//VolatilityModelId]//mean_return_state2|//Model[ModelID=//Model[Name='Australian Direct Property']//volatility_model_id|//Model[Name='Australian Direct Property']//VolatilityModelId]//MeanReturnState2
@@OLDAUDPSIGMA2@@,OldCalibFile,//Model[ModelID=//Model[Name='Australian Direct Property']//volatility_model_id|//Model[Name='Australian Direct Property']//VolatilityModelId]//probability_state1_state2|//Model[ModelID=//Model[Name='Australian Direct Property']//volatility_model_id|//Model[Name='Australian Direct Property']//VolatilityModelId]//ProbabilityState1State2
@@NEWAUDPP12@@,NewCalibFile,//Model[ModelID=//Model[Name='Australian Direct Property']//volatility_model_id|//Model[Name='Australian Direct Property']//VolatilityModelId]//probability_state2_state1|//Model[ModelID=//Model[Name='Australian Direct Property']//volatility_model_id|//Model[Name='Australian Direct Property']//VolatilityModelId]//ProbabilityState2State1
@@NEWAUDPP21@@,NewCalibFile,//Model[ModelID=//Model[Name='Australian Direct Property']//volatility_model_id|//Model[Name='Australian Direct Property']//VolatilityModelId]//probability_state2_state1|//Model[ModelID=//Model[Name='Australian Direct Property']//volatility_model_id|//Model[Name='Australian Direct Property']//VolatilityModelId]//ProbabilityState2State1
@@NEWAUDPMU1@@,NewCalibFile,//Model[ModelID=//Model[Name='Australian Direct Property']//volatility_model_id|//Model[Name='Australian Direct Property']//VolatilityModelId]//mean_return_state1|//Model[ModelID=//Model[Name='Australian Direct Property']//volatility_model_id|//Model[Name='Australian Direct Property']//VolatilityModelId]//MeanReturnState1
@@NEWAUDPSIGMA1@@,NewCalibFile,//Model[ModelID=//Model[Name='Australian Direct Property']//volatility_model_id|//Model[Name='Australian Direct Property']//VolatilityModelId]//volatility_state1|//Model[ModelID=//Model[Name='Australian Direct Property']//volatility_model_id|//Model[Name='Australian Direct Property']//VolatilityModelId]//VolatilityState1
@@NEWAUDPMU2@@,NewCalibFile,//Model[ModelID=//Model[Name='Australian Direct Property']//volatility_model_id|//Model[Name='Australian Direct Property']//VolatilityModelId]//mean_return_state2|//Model[ModelID=//Model[Name='Australian Direct Property']//volatility_model_id|//Model[Name='Australian Direct Property']//VolatilityModelId]//MeanReturnState2
@@NEWAUDPSIGMA2@@,NewCalibFile,//Model[ModelID=//Model[Name='Australian Direct Property']//volatility_model_id|//Model[Name='Australian Direct Property']//VolatilityModelId]//probability_state1_state2|//Model[ModelID=//Model[Name='Australian Direct Property']//volatility_model_id|//Model[Name='Australian Direct Property']//VolatilityModelId]//ProbabilityState1State2
@@OLDAUDPY0@@,OldCalibFile,
@@OLDAUDPYMU@@,OldCalibFile,
@@OLDAUDPYALPHA@@,OldCalibFile,
@@OLDAUDPYSIGMA@@,OldCalibFile,
@@NEWAUDPY0@@,NewCalibFile,
@@NEWAUDPYMU@@,NewCalibFile,
@@NEWAUDPYALPHA@@,NewCalibFile,
@@NEWAUDPYSIGMA@@,NewCalibFile,
@@OLDAUDP1_5@@,,
@@OLDAUDP1_25@@,,
@@OLDAUDP1_50@@,,
@@OLDAUDP1_75@@,,
@@OLDAUDP1_95@@,,
@@OLDAUDP1_MU@@,,
@@OLDAUDP1_VOL@@,,
@@OLDAUDP5_5@@,,
@@OLDAUDP5_25@@,,
@@OLDAUDP5_50@@,,
@@OLDAUDP5_75@@,,
@@OLDAUDP5_95@@,,
@@OLDAUDP5_MU@@,,
@@OLDAUDP5_VOL@@,,
@@OLDAUDP10_5@@,,
@@OLDAUDP10_25@@,,
@@OLDAUDP10_50@@,,
@@OLDAUDP10_75@@,,
@@OLDAUDP10_95@@,,
@@OLDAUDP10_MU@@,,
@@OLDAUDP10_VOL@@,,
@@OLDAUDP15_5@@,,
@@OLDAUDP15_25@@,,
@@OLDAUDP15_50@@,,
@@OLDAUDP15_75@@,,
@@OLDAUDP15_95@@,,
@@OLDAUDP15_MU@@,,
@@OLDAUDP15_VOL@@,,
@@OLDAUDP25_5@@,,
@@OLDAUDP25_25@@,,
@@OLDAUDP25_50@@,,
@@OLDAUDP25_75@@,,
@@OLDAUDP25_95@@,,
@@OLDAUDP25_MU@@,,
@@OLDAUDP25_VOL@@,,
@@OLDAUDP30_5@@,,
@@OLDAUDP30_25@@,,
@@OLDAUDP30_50@@,,
@@OLDAUDP30_75@@,,
@@OLDAUDP30_95@@,,
@@OLDAUDP30_MU@@,,
@@OLDAUDP30_VOL@@,,
@@NEWAUDP1_5@@,,
@@NEWAUDP1_25@@,,
@@NEWAUDP1_50@@,,
@@NEWAUDP1_75@@,,
@@NEWAUDP1_95@@,,
@@NEWAUDP1_MU@@,,
@@NEWAUDP1_VOL@@,,
@@NEWAUDP5_5@@,,
@@NEWAUDP5_25@@,,
@@NEWAUDP5_50@@,,
@@NEWAUDP5_75@@,,
@@NEWAUDP5_95@@,,
@@NEWAUDP5_MU@@,,
@@NEWAUDP5_VOL@@,,
@@NEWAUDP10_5@@,,
@@NEWAUDP10_25@@,,
@@NEWAUDP10_50@@,,
@@NEWAUDP10_75@@,,
@@NEWAUDP10_95@@,,
@@NEWAUDP10_MU@@,,
@@NEWAUDP10_VOL@@,,
@@NEWAUDP15_5@@,,
@@NEWAUDP15_25@@,,
@@NEWAUDP15_50@@,,
@@NEWAUDP15_75@@,,
@@NEWAUDP15_95@@,,
@@NEWAUDP15_MU@@,,
@@NEWAUDP15_VOL@@,,
@@NEWAUDP25_5@@,,
@@NEWAUDP25_25@@,,
@@NEWAUDP25_50@@,,
@@NEWAUDP25_75@@,,
@@NEWAUDP25_95@@,,
@@NEWAUDP25_MU@@,,
@@NEWAUDP25_VOL@@,,
@@NEWAUDP30_5@@,,
@@NEWAUDP30_25@@,,
@@NEWAUDP30_50@@,,
@@NEWAUDP30_75@@,,
@@NEWAUDP30_95@@,,
@@NEWAUDP30_MU@@,,
@@NEWAUDP30_VOL@@,,
@@OLDAUDPPERCENTILE@@,,
@@OLDAUDPHIST@@,,
@@NEWAUDPPERCENTILE@@,,
@@NEWAUDPHIST@@,,
@@OLDINTAHP12@@,OldCalibFile,//Model[ModelID=//Model[Name='International Alternatives']//volatility_model_id|//Model[Name='International Alternatives']//VolatilityModelId]//probability_state2_state1|//Model[ModelID=//Model[Name='International Alternatives']//volatility_model_id|//Model[Name='International Alternatives']//VolatilityModelId]//ProbabilityState2State1
@@OLDINTAHP21@@,OldCalibFile,//Model[ModelID=//Model[Name='International Alternatives']//volatility_model_id|//Model[Name='International Alternatives']//VolatilityModelId]//probability_state2_state1|//Model[ModelID=//Model[Name='International Alternatives']//volatility_model_id|//Model[Name='International Alternatives']//VolatilityModelId]//ProbabilityState2State1
@@OLDINTAHMU1@@,OldCalibFile,//Model[ModelID=//Model[Name='International Alternatives']//volatility_model_id|//Model[Name='International Alternatives']//VolatilityModelId]//mean_return_state1|//Model[ModelID=//Model[Name='International Alternatives']//volatility_model_id|//Model[Name='International Alternatives']//VolatilityModelId]//MeanReturnState1
@@OLDINTAHSIGMA1@@,OldCalibFile,//Model[ModelID=//Model[Name='International Alternatives']//volatility_model_id|//Model[Name='International Alternatives']//VolatilityModelId]//volatility_state1|//Model[ModelID=//Model[Name='International Alternatives']//volatility_model_id|//Model[Name='International Alternatives']//VolatilityModelId]//VolatilityState1
@@OLDINTAHMU2@@,OldCalibFile,//Model[ModelID=//Model[Name='International Alternatives']//volatility_model_id|//Model[Name='International Alternatives']//VolatilityModelId]//mean_return_state2|//Model[ModelID=//Model[Name='International Alternatives']//volatility_model_id|//Model[Name='International Alternatives']//VolatilityModelId]//MeanReturnState2
@@OLDINTAHSIGMA2@@,OldCalibFile,//Model[ModelID=//Model[Name='International Alternatives']//volatility_model_id|//Model[Name='International Alternatives']//VolatilityModelId]//probability_state1_state2|//Model[ModelID=//Model[Name='International Alternatives']//volatility_model_id|//Model[Name='International Alternatives']//VolatilityModelId]//ProbabilityState1State2
@@NEWINTAHP12@@,NewCalibFile,//Model[ModelID=//Model[Name='International Alternatives']//volatility_model_id|//Model[Name='International Alternatives']//VolatilityModelId]//probability_state2_state1|//Model[ModelID=//Model[Name='International Alternatives']//volatility_model_id|//Model[Name='International Alternatives']//VolatilityModelId]//ProbabilityState2State1
@@NEWINTAHP21@@,NewCalibFile,//Model[ModelID=//Model[Name='International Alternatives']//volatility_model_id|//Model[Name='International Alternatives']//VolatilityModelId]//probability_state2_state1|//Model[ModelID=//Model[Name='International Alternatives']//volatility_model_id|//Model[Name='International Alternatives']//VolatilityModelId]//ProbabilityState2State1
@@NEWINTAHMU1@@,NewCalibFile,//Model[ModelID=//Model[Name='International Alternatives']//volatility_model_id|//Model[Name='International Alternatives']//VolatilityModelId]//mean_return_state1|//Model[ModelID=//Model[Name='International Alternatives']//volatility_model_id|//Model[Name='International Alternatives']//VolatilityModelId]//MeanReturnState1
@@NEWINTAHSIGMA1@@,NewCalibFile,//Model[ModelID=//Model[Name='International Alternatives']//volatility_model_id|//Model[Name='International Alternatives']//VolatilityModelId]//volatility_state1|//Model[ModelID=//Model[Name='International Alternatives']//volatility_model_id|//Model[Name='International Alternatives']//VolatilityModelId]//VolatilityState1
@@NEWINTAHMU2@@,NewCalibFile,//Model[ModelID=//Model[Name='International Alternatives']//volatility_model_id|//Model[Name='International Alternatives']//VolatilityModelId]//mean_return_state2|//Model[ModelID=//Model[Name='International Alternatives']//volatility_model_id|//Model[Name='International Alternatives']//VolatilityModelId]//MeanReturnState2
@@NEWINTAHSIGMA2@@,NewCalibFile,//Model[ModelID=//Model[Name='International Alternatives']//volatility_model_id|//Model[Name='International Alternatives']//VolatilityModelId]//probability_state1_state2|//Model[ModelID=//Model[Name='International Alternatives']//volatility_model_id|//Model[Name='International Alternatives']//VolatilityModelId]//ProbabilityState1State2
@@OLDINTAHY0@@,OldCalibFile,
@@OLDINTAHYMU@@,OldCalibFile,
@@OLDINTAHYALPHA@@,OldCalibFile,
@@OLDINTAHYSIGMA@@,OldCalibFile,
@@NEWINTAHY0@@,NewCalibFile,
@@NEWINTAHYMU@@,NewCalibFile,
@@NEWINTAHYALPHA@@,NewCalibFile,
@@NEWINTAHYSIGMA@@,NewCalibFile,
@@OLDINTAH1_5@@,,
@@OLDINTAH1_25@@,,
@@OLDINTAH1_50@@,,
@@OLDINTAH1_75@@,,
@@OLDINTAH1_95@@,,
@@OLDINTAH1_MU@@,,
@@OLDINTAH1_VOL@@,,
@@OLDINTAH5_5@@,,
@@OLDINTAH5_25@@,,
@@OLDINTAH5_50@@,,
@@OLDINTAH5_75@@,,
@@OLDINTAH5_95@@,,
@@OLDINTAH5_MU@@,,
@@OLDINTAH5_VOL@@,,
@@OLDINTAH10_5@@,,
@@OLDINTAH10_25@@,,
@@OLDINTAH10_50@@,,
@@OLDINTAH10_75@@,,
@@OLDINTAH10_95@@,,
@@OLDINTAH10_MU@@,,
@@OLDINTAH10_VOL@@,,
@@OLDINTAH15_5@@,,
@@OLDINTAH15_25@@,,
@@OLDINTAH15_50@@,,
@@OLDINTAH15_75@@,,
@@OLDINTAH15_95@@,,
@@OLDINTAH15_MU@@,,
@@OLDINTAH15_VOL@@,,
@@OLDINTAH25_5@@,,
@@OLDINTAH25_25@@,,
@@OLDINTAH25_50@@,,
@@OLDINTAH25_75@@,,
@@OLDINTAH25_95@@,,
@@OLDINTAH25_MU@@,,
@@OLDINTAH25_VOL@@,,
@@OLDINTAH30_5@@,,
@@OLDINTAH30_25@@,,
@@OLDINTAH30_50@@,,
@@OLDINTAH30_75@@,,
@@OLDINTAH30_95@@,,
@@OLDINTAH30_MU@@,,
@@OLDINTAH30_VOL@@,,
@@NEWINTAH1_5@@,,
@@NEWINTAH1_25@@,,
@@NEWINTAH1_50@@,,
@@NEWINTAH1_75@@,,
@@NEWINTAH1_95@@,,
@@NEWINTAH1_MU@@,,
@@NEWINTAH1_VOL@@,,
@@NEWINTAH5_5@@,,
@@NEWINTAH5_25@@,,
@@NEWINTAH5_50@@,,
@@NEWINTAH5_75@@,,
@@NEWINTAH5_95@@,,
@@NEWINTAH5_MU@@,,
@@NEWINTAH5_VOL@@,,
@@NEWINTAH10_5@@,,
@@NEWINTAH10_25@@,,
@@NEWINTAH10_50@@,,
@@NEWINTAH10_75@@,,
@@NEWINTAH10_95@@,,
@@NEWINTAH10_MU@@,,
@@NEWINTAH10_VOL@@,,
@@NEWINTAH15_5@@,,
@@NEWINTAH15_25@@,,
@@NEWINTAH15_50@@,,
@@NEWINTAH15_75@@,,
@@NEWINTAH15_95@@,,
@@NEWINTAH15_MU@@,,
@@NEWINTAH15_VOL@@,,
@@NEWINTAH25_5@@,,
@@NEWINTAH25_25@@,,
@@NEWINTAH25_50@@,,
@@NEWINTAH25_75@@,,
@@NEWINTAH25_95@@,,
@@NEWINTAH25_MU@@,,
@@NEWINTAH25_VOL@@,,
@@NEWINTAH30_5@@,,
@@NEWINTAH30_25@@,,
@@NEWINTAH30_50@@,,
@@NEWINTAH30_75@@,,
@@NEWINTAH30_95@@,,
@@NEWINTAH30_MU@@,,
@@NEWINTAH30_VOL@@,,
@@OLDINTAHPERCENTILE@@,,
@@OLDINTAHHIST@@,,
@@NEWINTAHPERCENTILE@@,,
@@NEWINTAHHIST@@,,
@@OLDAUIP12@@,OldCalibFile,//Model[ModelID=//Model[Name='Australian Infrastructure']//volatility_model_id|//Model[Name='Australian Infrastructure']//VolatilityModelId]//probability_state2_state1|//Model[ModelID=//Model[Name='Australian Infrastructure']//volatility_model_id|//Model[Name='Australian Infrastructure']//VolatilityModelId]//ProbabilityState2State1
@@OLDAUIP21@@,OldCalibFile,//Model[ModelID=//Model[Name='Australian Infrastructure']//volatility_model_id|//Model[Name='Australian Infrastructure']//VolatilityModelId]//probability_state2_state1|//Model[ModelID=//Model[Name='Australian Infrastructure']//volatility_model_id|//Model[Name='Australian Infrastructure']//VolatilityModelId]//ProbabilityState2State1
@@OLDAUIMU1@@,OldCalibFile,//Model[ModelID=//Model[Name='Australian Infrastructure']//volatility_model_id|//Model[Name='Australian Infrastructure']//VolatilityModelId]//mean_return_state1|//Model[ModelID=//Model[Name='Australian Infrastructure']//volatility_model_id|//Model[Name='Australian Infrastructure']//VolatilityModelId]//MeanReturnState1
@@OLDAUISIGMA1@@,OldCalibFile,//Model[ModelID=//Model[Name='Australian Infrastructure']//volatility_model_id|//Model[Name='Australian Infrastructure']//VolatilityModelId]//volatility_state1|//Model[ModelID=//Model[Name='Australian Infrastructure']//volatility_model_id|//Model[Name='Australian Infrastructure']//VolatilityModelId]//VolatilityState1
@@OLDAUIMU2@@,OldCalibFile,//Model[ModelID=//Model[Name='Australian Infrastructure']//volatility_model_id|//Model[Name='Australian Infrastructure']//VolatilityModelId]//mean_return_state2|//Model[ModelID=//Model[Name='Australian Infrastructure']//volatility_model_id|//Model[Name='Australian Infrastructure']//VolatilityModelId]//MeanReturnState2
@@OLDAUISIGMA2@@,OldCalibFile,//Model[ModelID=//Model[Name='Australian Infrastructure']//volatility_model_id|//Model[Name='Australian Infrastructure']//VolatilityModelId]//probability_state1_state2|//Model[ModelID=//Model[Name='Australian Infrastructure']//volatility_model_id|//Model[Name='Australian Infrastructure']//VolatilityModelId]//ProbabilityState1State2
@@NEWAUIP12@@,NewCalibFile,//Model[ModelID=//Model[Name='Australian Infrastructure']//volatility_model_id|//Model[Name='Australian Infrastructure']//VolatilityModelId]//probability_state2_state1|//Model[ModelID=//Model[Name='Australian Infrastructure']//volatility_model_id|//Model[Name='Australian Infrastructure']//VolatilityModelId]//ProbabilityState2State1
@@NEWAUIP21@@,NewCalibFile,//Model[ModelID=//Model[Name='Australian Infrastructure']//volatility_model_id|//Model[Name='Australian Infrastructure']//VolatilityModelId]//probability_state2_state1|//Model[ModelID=//Model[Name='Australian Infrastructure']//volatility_model_id|//Model[Name='Australian Infrastructure']//VolatilityModelId]//ProbabilityState2State1
@@NEWAUIMU1@@,NewCalibFile,//Model[ModelID=//Model[Name='Australian Infrastructure']//volatility_model_id|//Model[Name='Australian Infrastructure']//VolatilityModelId]//mean_return_state1|//Model[ModelID=//Model[Name='Australian Infrastructure']//volatility_model_id|//Model[Name='Australian Infrastructure']//VolatilityModelId]//MeanReturnState1
@@NEWAUISIGMA1@@,NewCalibFile,//Model[ModelID=//Model[Name='Australian Infrastructure']//volatility_model_id|//Model[Name='Australian Infrastructure']//VolatilityModelId]//volatility_state1|//Model[ModelID=//Model[Name='Australian Infrastructure']//volatility_model_id|//Model[Name='Australian Infrastructure']//VolatilityModelId]//VolatilityState1
@@NEWAUIMU2@@,NewCalibFile,//Model[ModelID=//Model[Name='Australian Infrastructure']//volatility_model_id|//Model[Name='Australian Infrastructure']//VolatilityModelId]//mean_return_state2|//Model[ModelID=//Model[Name='Australian Infrastructure']//volatility_model_id|//Model[Name='Australian Infrastructure']//VolatilityModelId]//MeanReturnState2
@@NEWAUISIGMA2@@,NewCalibFile,//Model[ModelID=//Model[Name='Australian Infrastructure']//volatility_model_id|//Model[Name='Australian Infrastructure']//VolatilityModelId]//probability_state1_state2|//Model[ModelID=//Model[Name='Australian Infrastructure']//volatility_model_id|//Model[Name='Australian Infrastructure']//VolatilityModelId]//ProbabilityState1State2
@@OLDAUIY0@@,OldCalibFile,
@@OLDAUIYMU@@,OldCalibFile,
@@OLDAUIYALPHA@@,OldCalibFile,
@@OLDAUIYSIGMA@@,OldCalibFile,
@@NEWAUIY0@@,NewCalibFile,
@@NEWAUIYMU@@,NewCalibFile,
@@NEWAUIYALPHA@@,NewCalibFile,
@@NEWAUIYSIGMA@@,NewCalibFile,
@@OLDAUI1_5@@,,
@@OLDAUI1_25@@,,
@@OLDAUI1_50@@,,
@@OLDAUI1_75@@,,
@@OLDAUI1_95@@,,
@@OLDAUI1_MU@@,,
@@OLDAUI1_VOL@@,,
@@OLDAUI5_5@@,,
@@OLDAUI5_25@@,,
@@OLDAUI5_50@@,,
@@OLDAUI5_75@@,,
@@OLDAUI5_95@@,,
@@OLDAUI5_MU@@,,
@@OLDAUI5_VOL@@,,
@@OLDAUI10_5@@,,
@@OLDAUI10_25@@,,
@@OLDAUI10_50@@,,
@@OLDAUI10_75@@,,
@@OLDAUI10_95@@,,
@@OLDAUI10_MU@@,,
@@OLDAUI10_VOL@@,,
@@OLDAUI15_5@@,,
@@OLDAUI15_25@@,,
@@OLDAUI15_50@@,,
@@OLDAUI15_75@@,,
@@OLDAUI15_95@@,,
@@OLDAUI15_MU@@,,
@@OLDAUI15_VOL@@,,
@@OLDAUI25_5@@,,
@@OLDAUI25_25@@,,
@@OLDAUI25_50@@,,
@@OLDAUI25_75@@,,
@@OLDAUI25_95@@,,
@@OLDAUI25_MU@@,,
@@OLDAUI25_VOL@@,,
@@OLDAUI30_5@@,,
@@OLDAUI30_25@@,,
@@OLDAUI30_50@@,,
@@OLDAUI30_75@@,,
@@OLDAUI30_95@@,,
@@OLDAUI30_MU@@,,
@@OLDAUI30_VOL@@,,
@@NEWAUI1_5@@,,
@@NEWAUI1_25@@,,
@@NEWAUI1_50@@,,
@@NEWAUI1_75@@,,
@@NEWAUI1_95@@,,
@@NEWAUI1_MU@@,,
@@NEWAUI1_VOL@@,,
@@NEWAUI5_5@@,,
@@NEWAUI5_25@@,,
@@NEWAUI5_50@@,,
@@NEWAUI5_75@@,,
@@NEWAUI5_95@@,,
@@NEWAUI5_MU@@,,
@@NEWAUI5_VOL@@,,
@@NEWAUI10_5@@,,
@@NEWAUI10_25@@,,
@@NEWAUI10_50@@,,
@@NEWAUI10_75@@,,
@@NEWAUI10_95@@,,
@@NEWAUI10_MU@@,,
@@NEWAUI10_VOL@@,,
@@NEWAUI15_5@@,,
@@NEWAUI15_25@@,,
@@NEWAUI15_50@@,,
@@NEWAUI15_75@@,,
@@NEWAUI15_95@@,,
@@NEWAUI15_MU@@,,
@@NEWAUI15_VOL@@,,
@@NEWAUI25_5@@,,
@@NEWAUI25_25@@,,
@@NEWAUI25_50@@,,
@@NEWAUI25_75@@,,
@@NEWAUI25_95@@,,
@@NEWAUI25_MU@@,,
@@NEWAUI25_VOL@@,,
@@NEWAUI30_5@@,,
@@NEWAUI30_25@@,,
@@NEWAUI30_50@@,,
@@NEWAUI30_75@@,,
@@NEWAUI30_95@@,,
@@NEWAUI30_MU@@,,
@@NEWAUI30_VOL@@,,
@@OLDAUIPERCENTILE@@,,
@@OLDAUIHIST@@,,
@@NEWAUIPERCENTILE@@,,
@@NEWAUIHIST@@,,
